--
-- PostgreSQL database dump
--

\restrict VUcKtV9p5gWBMVhddarxyYX9QSuq5zXlN7SlKSXdUCq2lPN7WIKgJ6vIl5hcBJP

-- Dumped from database version 14.19 (Homebrew)
-- Dumped by pg_dump version 14.19 (Homebrew)

SET statement_timeout = 0;
SET lock_timeout = 0;
SET idle_in_transaction_session_timeout = 0;
SET client_encoding = 'UTF8';
SET standard_conforming_strings = on;
SELECT pg_catalog.set_config('search_path', '', false);
SET check_function_bodies = false;
SET xmloption = content;
SET client_min_messages = warning;
SET row_security = off;

--
-- Name: app; Type: SCHEMA; Schema: -; Owner: alokpatel
--

CREATE SCHEMA app;


ALTER SCHEMA app OWNER TO alokpatel;

SET default_tablespace = '';

SET default_table_access_method = heap;

--
-- Name: action_types; Type: TABLE; Schema: app; Owner: okcapplicant
--

CREATE TABLE app.action_types (
    action_type character varying(30) NOT NULL,
    description text
);


ALTER TABLE app.action_types OWNER TO okcapplicant;

--
-- Name: auth_group; Type: TABLE; Schema: app; Owner: okcapplicant
--

CREATE TABLE app.auth_group (
    id integer NOT NULL,
    name character varying(150) NOT NULL
);


ALTER TABLE app.auth_group OWNER TO okcapplicant;

--
-- Name: auth_group_id_seq; Type: SEQUENCE; Schema: app; Owner: okcapplicant
--

ALTER TABLE app.auth_group ALTER COLUMN id ADD GENERATED BY DEFAULT AS IDENTITY (
    SEQUENCE NAME app.auth_group_id_seq
    START WITH 1
    INCREMENT BY 1
    NO MINVALUE
    NO MAXVALUE
    CACHE 1
);


--
-- Name: auth_group_permissions; Type: TABLE; Schema: app; Owner: okcapplicant
--

CREATE TABLE app.auth_group_permissions (
    id integer NOT NULL,
    group_id integer NOT NULL,
    permission_id integer NOT NULL
);


ALTER TABLE app.auth_group_permissions OWNER TO okcapplicant;

--
-- Name: auth_group_permissions_id_seq; Type: SEQUENCE; Schema: app; Owner: okcapplicant
--

ALTER TABLE app.auth_group_permissions ALTER COLUMN id ADD GENERATED BY DEFAULT AS IDENTITY (
    SEQUENCE NAME app.auth_group_permissions_id_seq
    START WITH 1
    INCREMENT BY 1
    NO MINVALUE
    NO MAXVALUE
    CACHE 1
);


--
-- Name: auth_permission; Type: TABLE; Schema: app; Owner: okcapplicant
--

CREATE TABLE app.auth_permission (
    id integer NOT NULL,
    name character varying(255) NOT NULL,
    content_type_id integer NOT NULL,
    codename character varying(100) NOT NULL
);


ALTER TABLE app.auth_permission OWNER TO okcapplicant;

--
-- Name: auth_permission_id_seq; Type: SEQUENCE; Schema: app; Owner: okcapplicant
--

ALTER TABLE app.auth_permission ALTER COLUMN id ADD GENERATED BY DEFAULT AS IDENTITY (
    SEQUENCE NAME app.auth_permission_id_seq
    START WITH 1
    INCREMENT BY 1
    NO MINVALUE
    NO MAXVALUE
    CACHE 1
);


--
-- Name: auth_user; Type: TABLE; Schema: app; Owner: okcapplicant
--

CREATE TABLE app.auth_user (
    id integer NOT NULL,
    password character varying(128) NOT NULL,
    last_login timestamp with time zone,
    is_superuser boolean NOT NULL,
    username character varying(150) NOT NULL,
    first_name character varying(150) NOT NULL,
    last_name character varying(150) NOT NULL,
    email character varying(254) NOT NULL,
    is_staff boolean NOT NULL,
    is_active boolean NOT NULL,
    date_joined timestamp with time zone NOT NULL
);


ALTER TABLE app.auth_user OWNER TO okcapplicant;

--
-- Name: auth_user_groups; Type: TABLE; Schema: app; Owner: okcapplicant
--

CREATE TABLE app.auth_user_groups (
    id integer NOT NULL,
    user_id integer NOT NULL,
    group_id integer NOT NULL
);


ALTER TABLE app.auth_user_groups OWNER TO okcapplicant;

--
-- Name: auth_user_groups_id_seq; Type: SEQUENCE; Schema: app; Owner: okcapplicant
--

ALTER TABLE app.auth_user_groups ALTER COLUMN id ADD GENERATED BY DEFAULT AS IDENTITY (
    SEQUENCE NAME app.auth_user_groups_id_seq
    START WITH 1
    INCREMENT BY 1
    NO MINVALUE
    NO MAXVALUE
    CACHE 1
);


--
-- Name: auth_user_id_seq; Type: SEQUENCE; Schema: app; Owner: okcapplicant
--

ALTER TABLE app.auth_user ALTER COLUMN id ADD GENERATED BY DEFAULT AS IDENTITY (
    SEQUENCE NAME app.auth_user_id_seq
    START WITH 1
    INCREMENT BY 1
    NO MINVALUE
    NO MAXVALUE
    CACHE 1
);


--
-- Name: auth_user_user_permissions; Type: TABLE; Schema: app; Owner: okcapplicant
--

CREATE TABLE app.auth_user_user_permissions (
    id integer NOT NULL,
    user_id integer NOT NULL,
    permission_id integer NOT NULL
);


ALTER TABLE app.auth_user_user_permissions OWNER TO okcapplicant;

--
-- Name: auth_user_user_permissions_id_seq; Type: SEQUENCE; Schema: app; Owner: okcapplicant
--

ALTER TABLE app.auth_user_user_permissions ALTER COLUMN id ADD GENERATED BY DEFAULT AS IDENTITY (
    SEQUENCE NAME app.auth_user_user_permissions_id_seq
    START WITH 1
    INCREMENT BY 1
    NO MINVALUE
    NO MAXVALUE
    CACHE 1
);


--
-- Name: django_admin_log; Type: TABLE; Schema: app; Owner: okcapplicant
--

CREATE TABLE app.django_admin_log (
    id integer NOT NULL,
    action_time timestamp with time zone NOT NULL,
    object_id text,
    object_repr character varying(200) NOT NULL,
    action_flag smallint NOT NULL,
    change_message text NOT NULL,
    content_type_id integer,
    user_id integer NOT NULL,
    CONSTRAINT django_admin_log_action_flag_check CHECK ((action_flag >= 0))
);


ALTER TABLE app.django_admin_log OWNER TO okcapplicant;

--
-- Name: django_admin_log_id_seq; Type: SEQUENCE; Schema: app; Owner: okcapplicant
--

ALTER TABLE app.django_admin_log ALTER COLUMN id ADD GENERATED BY DEFAULT AS IDENTITY (
    SEQUENCE NAME app.django_admin_log_id_seq
    START WITH 1
    INCREMENT BY 1
    NO MINVALUE
    NO MAXVALUE
    CACHE 1
);


--
-- Name: django_content_type; Type: TABLE; Schema: app; Owner: okcapplicant
--

CREATE TABLE app.django_content_type (
    id integer NOT NULL,
    app_label character varying(100) NOT NULL,
    model character varying(100) NOT NULL
);


ALTER TABLE app.django_content_type OWNER TO okcapplicant;

--
-- Name: django_content_type_id_seq; Type: SEQUENCE; Schema: app; Owner: okcapplicant
--

ALTER TABLE app.django_content_type ALTER COLUMN id ADD GENERATED BY DEFAULT AS IDENTITY (
    SEQUENCE NAME app.django_content_type_id_seq
    START WITH 1
    INCREMENT BY 1
    NO MINVALUE
    NO MAXVALUE
    CACHE 1
);


--
-- Name: django_migrations; Type: TABLE; Schema: app; Owner: okcapplicant
--

CREATE TABLE app.django_migrations (
    id integer NOT NULL,
    app character varying(255) NOT NULL,
    name character varying(255) NOT NULL,
    applied timestamp with time zone NOT NULL
);


ALTER TABLE app.django_migrations OWNER TO okcapplicant;

--
-- Name: django_migrations_id_seq; Type: SEQUENCE; Schema: app; Owner: okcapplicant
--

ALTER TABLE app.django_migrations ALTER COLUMN id ADD GENERATED BY DEFAULT AS IDENTITY (
    SEQUENCE NAME app.django_migrations_id_seq
    START WITH 1
    INCREMENT BY 1
    NO MINVALUE
    NO MAXVALUE
    CACHE 1
);


--
-- Name: django_session; Type: TABLE; Schema: app; Owner: okcapplicant
--

CREATE TABLE app.django_session (
    session_key character varying(40) NOT NULL,
    session_data text NOT NULL,
    expire_date timestamp with time zone NOT NULL
);


ALTER TABLE app.django_session OWNER TO okcapplicant;

--
-- Name: games; Type: TABLE; Schema: app; Owner: okcapplicant
--

CREATE TABLE app.games (
    game_id integer NOT NULL,
    game_date timestamp with time zone NOT NULL,
    season character varying(20),
    game_type character varying(20) NOT NULL,
    created_at timestamp with time zone NOT NULL,
    updated_at timestamp with time zone NOT NULL,
    away_team_id integer NOT NULL,
    home_team_id integer NOT NULL
);


ALTER TABLE app.games OWNER TO okcapplicant;

--
-- Name: passes; Type: TABLE; Schema: app; Owner: okcapplicant
--

CREATE TABLE app.passes (
    pass_id integer NOT NULL,
    action_type character varying(30) NOT NULL,
    ball_start_loc_x double precision NOT NULL,
    ball_start_loc_y double precision NOT NULL,
    ball_end_loc_x double precision NOT NULL,
    ball_end_loc_y double precision NOT NULL,
    completed_pass boolean NOT NULL,
    potential_assist boolean NOT NULL,
    turnover boolean NOT NULL,
    pass_distance double precision,
    pass_speed double precision,
    quarter integer,
    time_remaining double precision,
    created_at timestamp with time zone NOT NULL,
    game_id integer NOT NULL,
    player_id integer NOT NULL,
    receiver_id integer
);


ALTER TABLE app.passes OWNER TO okcapplicant;

--
-- Name: passes_pass_id_seq; Type: SEQUENCE; Schema: app; Owner: okcapplicant
--

ALTER TABLE app.passes ALTER COLUMN pass_id ADD GENERATED BY DEFAULT AS IDENTITY (
    SEQUENCE NAME app.passes_pass_id_seq
    START WITH 1
    INCREMENT BY 1
    NO MINVALUE
    NO MAXVALUE
    CACHE 1
);


--
-- Name: player_game_stats; Type: TABLE; Schema: app; Owner: okcapplicant
--

CREATE TABLE app.player_game_stats (
    id integer NOT NULL,
    total_shots integer NOT NULL,
    shots_made integer NOT NULL,
    total_points integer NOT NULL,
    field_goal_percentage double precision NOT NULL,
    three_pointers_made integer NOT NULL,
    three_pointers_attempted integer NOT NULL,
    two_pointers_made integer NOT NULL,
    two_pointers_attempted integer NOT NULL,
    total_passes integer NOT NULL,
    completed_passes integer NOT NULL,
    potential_assists integer NOT NULL,
    pass_completion_rate double precision NOT NULL,
    total_turnovers integer NOT NULL,
    passing_turnovers integer NOT NULL,
    pick_and_roll_count integer NOT NULL,
    isolation_count integer NOT NULL,
    post_up_count integer NOT NULL,
    off_ball_screen_count integer NOT NULL,
    true_shooting_percentage double precision NOT NULL,
    effective_field_goal_percentage double precision NOT NULL,
    assist_to_turnover_ratio double precision NOT NULL,
    usage_rate double precision NOT NULL,
    created_at timestamp with time zone NOT NULL,
    updated_at timestamp with time zone NOT NULL,
    game_id integer NOT NULL,
    player_id integer NOT NULL
);


ALTER TABLE app.player_game_stats OWNER TO okcapplicant;

--
-- Name: player_game_stats_id_seq; Type: SEQUENCE; Schema: app; Owner: okcapplicant
--

ALTER TABLE app.player_game_stats ALTER COLUMN id ADD GENERATED BY DEFAULT AS IDENTITY (
    SEQUENCE NAME app.player_game_stats_id_seq
    START WITH 1
    INCREMENT BY 1
    NO MINVALUE
    NO MAXVALUE
    CACHE 1
);


--
-- Name: player_season_stats; Type: TABLE; Schema: app; Owner: okcapplicant
--

CREATE TABLE app.player_season_stats (
    id integer NOT NULL,
    season character varying(20) NOT NULL,
    games_played integer NOT NULL,
    total_points integer NOT NULL,
    total_shots integer NOT NULL,
    total_passes integer NOT NULL,
    total_assists integer NOT NULL,
    total_turnovers integer NOT NULL,
    ppg double precision NOT NULL,
    apg double precision NOT NULL,
    tpg double precision NOT NULL,
    fg_percentage double precision NOT NULL,
    three_point_percentage double precision NOT NULL,
    points_rank integer,
    assists_rank integer,
    fg_percentage_rank integer,
    efficiency_rank integer,
    created_at timestamp with time zone NOT NULL,
    updated_at timestamp with time zone NOT NULL,
    player_id integer NOT NULL
);


ALTER TABLE app.player_season_stats OWNER TO okcapplicant;

--
-- Name: player_season_stats_id_seq; Type: SEQUENCE; Schema: app; Owner: okcapplicant
--

ALTER TABLE app.player_season_stats ALTER COLUMN id ADD GENERATED BY DEFAULT AS IDENTITY (
    SEQUENCE NAME app.player_season_stats_id_seq
    START WITH 1
    INCREMENT BY 1
    NO MINVALUE
    NO MAXVALUE
    CACHE 1
);


--
-- Name: players; Type: TABLE; Schema: app; Owner: okcapplicant
--

CREATE TABLE app.players (
    player_id integer NOT NULL,
    name character varying(150) NOT NULL,
    "position" character varying(5),
    jersey_number integer,
    height double precision,
    weight double precision,
    birth_date date,
    created_at timestamp with time zone NOT NULL,
    updated_at timestamp with time zone NOT NULL,
    team_id integer NOT NULL
);


ALTER TABLE app.players OWNER TO okcapplicant;

--
-- Name: shots; Type: TABLE; Schema: app; Owner: okcapplicant
--

CREATE TABLE app.shots (
    shot_id integer NOT NULL,
    action_type character varying(30) NOT NULL,
    points integer NOT NULL,
    shot_loc_x double precision NOT NULL,
    shot_loc_y double precision NOT NULL,
    shooting_foul_drawn boolean NOT NULL,
    shot_made boolean NOT NULL,
    shot_distance double precision,
    shot_angle double precision,
    quarter integer,
    time_remaining double precision,
    shot_clock double precision,
    created_at timestamp with time zone NOT NULL,
    game_id integer NOT NULL,
    player_id integer NOT NULL
);


ALTER TABLE app.shots OWNER TO okcapplicant;

--
-- Name: shots_shot_id_seq; Type: SEQUENCE; Schema: app; Owner: okcapplicant
--

ALTER TABLE app.shots ALTER COLUMN shot_id ADD GENERATED BY DEFAULT AS IDENTITY (
    SEQUENCE NAME app.shots_shot_id_seq
    START WITH 1
    INCREMENT BY 1
    NO MINVALUE
    NO MAXVALUE
    CACHE 1
);


--
-- Name: teams; Type: TABLE; Schema: app; Owner: okcapplicant
--

CREATE TABLE app.teams (
    team_id integer NOT NULL,
    name character varying(100) NOT NULL,
    abbreviation character varying(5),
    city character varying(50),
    conference character varying(20),
    division character varying(20),
    created_at timestamp with time zone NOT NULL,
    updated_at timestamp with time zone NOT NULL
);


ALTER TABLE app.teams OWNER TO okcapplicant;

--
-- Name: turnovers; Type: TABLE; Schema: app; Owner: okcapplicant
--

CREATE TABLE app.turnovers (
    turnover_id integer NOT NULL,
    action_type character varying(30) NOT NULL,
    tov_loc_x double precision NOT NULL,
    tov_loc_y double precision NOT NULL,
    turnover_type character varying(50),
    quarter integer,
    time_remaining double precision,
    created_at timestamp with time zone NOT NULL,
    forced_by_id integer,
    game_id integer NOT NULL,
    player_id integer NOT NULL
);


ALTER TABLE app.turnovers OWNER TO okcapplicant;

--
-- Name: turnovers_turnover_id_seq; Type: SEQUENCE; Schema: app; Owner: okcapplicant
--

ALTER TABLE app.turnovers ALTER COLUMN turnover_id ADD GENERATED BY DEFAULT AS IDENTITY (
    SEQUENCE NAME app.turnovers_turnover_id_seq
    START WITH 1
    INCREMENT BY 1
    NO MINVALUE
    NO MAXVALUE
    CACHE 1
);


--
-- Data for Name: action_types; Type: TABLE DATA; Schema: app; Owner: okcapplicant
--

COPY app.action_types (action_type, description) FROM stdin;
\.


--
-- Data for Name: auth_group; Type: TABLE DATA; Schema: app; Owner: okcapplicant
--

COPY app.auth_group (id, name) FROM stdin;
\.


--
-- Data for Name: auth_group_permissions; Type: TABLE DATA; Schema: app; Owner: okcapplicant
--

COPY app.auth_group_permissions (id, group_id, permission_id) FROM stdin;
\.


--
-- Data for Name: auth_permission; Type: TABLE DATA; Schema: app; Owner: okcapplicant
--

COPY app.auth_permission (id, name, content_type_id, codename) FROM stdin;
1	Can add log entry	1	add_logentry
2	Can change log entry	1	change_logentry
3	Can delete log entry	1	delete_logentry
4	Can view log entry	1	view_logentry
5	Can add permission	2	add_permission
6	Can change permission	2	change_permission
7	Can delete permission	2	delete_permission
8	Can view permission	2	view_permission
9	Can add group	3	add_group
10	Can change group	3	change_group
11	Can delete group	3	delete_group
12	Can view group	3	view_group
13	Can add user	4	add_user
14	Can change user	4	change_user
15	Can delete user	4	delete_user
16	Can view user	4	view_user
17	Can add content type	5	add_contenttype
18	Can change content type	5	change_contenttype
19	Can delete content type	5	delete_contenttype
20	Can view content type	5	view_contenttype
21	Can add session	6	add_session
22	Can change session	6	change_session
23	Can delete session	6	delete_session
24	Can view session	6	view_session
25	Can add action type	7	add_actiontype
26	Can change action type	7	change_actiontype
27	Can delete action type	7	delete_actiontype
28	Can view action type	7	view_actiontype
29	Can add team	8	add_team
30	Can change team	8	change_team
31	Can delete team	8	delete_team
32	Can view team	8	view_team
33	Can add player	9	add_player
34	Can change player	9	change_player
35	Can delete player	9	delete_player
36	Can view player	9	view_player
37	Can add game	10	add_game
38	Can change game	10	change_game
39	Can delete game	10	delete_game
40	Can view game	10	view_game
41	Can add turnover	11	add_turnover
42	Can change turnover	11	change_turnover
43	Can delete turnover	11	delete_turnover
44	Can view turnover	11	view_turnover
45	Can add pass	12	add_pass
46	Can change pass	12	change_pass
47	Can delete pass	12	delete_pass
48	Can view pass	12	view_pass
49	Can add player game stats	13	add_playergamestats
50	Can change player game stats	13	change_playergamestats
51	Can delete player game stats	13	delete_playergamestats
52	Can view player game stats	13	view_playergamestats
53	Can add player season stats	14	add_playerseasonstats
54	Can change player season stats	14	change_playerseasonstats
55	Can delete player season stats	14	delete_playerseasonstats
56	Can view player season stats	14	view_playerseasonstats
57	Can add shot	15	add_shot
58	Can change shot	15	change_shot
59	Can delete shot	15	delete_shot
60	Can view shot	15	view_shot
\.


--
-- Data for Name: auth_user; Type: TABLE DATA; Schema: app; Owner: okcapplicant
--

COPY app.auth_user (id, password, last_login, is_superuser, username, first_name, last_name, email, is_staff, is_active, date_joined) FROM stdin;
\.


--
-- Data for Name: auth_user_groups; Type: TABLE DATA; Schema: app; Owner: okcapplicant
--

COPY app.auth_user_groups (id, user_id, group_id) FROM stdin;
\.


--
-- Data for Name: auth_user_user_permissions; Type: TABLE DATA; Schema: app; Owner: okcapplicant
--

COPY app.auth_user_user_permissions (id, user_id, permission_id) FROM stdin;
\.


--
-- Data for Name: django_admin_log; Type: TABLE DATA; Schema: app; Owner: okcapplicant
--

COPY app.django_admin_log (id, action_time, object_id, object_repr, action_flag, change_message, content_type_id, user_id) FROM stdin;
\.


--
-- Data for Name: django_content_type; Type: TABLE DATA; Schema: app; Owner: okcapplicant
--

COPY app.django_content_type (id, app_label, model) FROM stdin;
1	admin	logentry
2	auth	permission
3	auth	group
4	auth	user
5	contenttypes	contenttype
6	sessions	session
7	app	actiontype
8	app	team
9	app	player
10	app	game
11	app	turnover
12	app	pass
13	app	playergamestats
14	app	playerseasonstats
15	app	shot
\.


--
-- Data for Name: django_migrations; Type: TABLE DATA; Schema: app; Owner: okcapplicant
--

COPY app.django_migrations (id, app, name, applied) FROM stdin;
1	contenttypes	0001_initial	2025-09-23 17:02:41.295283-04
2	auth	0001_initial	2025-09-23 17:02:41.349367-04
3	admin	0001_initial	2025-09-23 17:02:41.361075-04
4	admin	0002_logentry_remove_auto_add	2025-09-23 17:02:41.364896-04
5	admin	0003_logentry_add_action_flag_choices	2025-09-23 17:02:41.368459-04
6	app	0001_initial	2025-09-23 17:02:41.515457-04
7	contenttypes	0002_remove_content_type_name	2025-09-23 17:02:41.528941-04
8	auth	0002_alter_permission_name_max_length	2025-09-23 17:02:41.532231-04
9	auth	0003_alter_user_email_max_length	2025-09-23 17:02:41.535589-04
10	auth	0004_alter_user_username_opts	2025-09-23 17:02:41.538395-04
11	auth	0005_alter_user_last_login_null	2025-09-23 17:02:41.541596-04
12	auth	0006_require_contenttypes_0002	2025-09-23 17:02:41.542007-04
13	auth	0007_alter_validators_add_error_messages	2025-09-23 17:02:41.544778-04
14	auth	0008_alter_user_username_max_length	2025-09-23 17:02:41.565291-04
15	auth	0009_alter_user_last_name_max_length	2025-09-23 17:02:41.568862-04
16	auth	0010_alter_group_name_max_length	2025-09-23 17:02:41.573172-04
17	auth	0011_update_proxy_permissions	2025-09-23 17:02:41.579666-04
18	auth	0012_alter_user_first_name_max_length	2025-09-23 17:02:41.583237-04
19	sessions	0001_initial	2025-09-23 17:02:41.591067-04
\.


--
-- Data for Name: django_session; Type: TABLE DATA; Schema: app; Owner: okcapplicant
--

COPY app.django_session (session_key, session_data, expire_date) FROM stdin;
\.


--
-- Data for Name: games; Type: TABLE DATA; Schema: app; Owner: okcapplicant
--

COPY app.games (game_id, game_date, season, game_type, created_at, updated_at, away_team_id, home_team_id) FROM stdin;
0	2023-11-12 19:00:00-05	2023-24	practice	2025-09-23 17:04:45.968347-04	2025-09-23 17:04:45.968351-04	2	1
1	2023-11-13 19:00:00-05	2023-24	practice	2025-09-23 17:04:45.970594-04	2025-09-23 17:04:45.970597-04	2	1
2	2023-11-14 19:00:00-05	2023-24	practice	2025-09-23 17:04:45.9727-04	2025-09-23 17:04:45.972703-04	2	1
3	2023-11-15 19:00:00-05	2023-24	practice	2025-09-23 17:04:45.975011-04	2025-09-23 17:04:45.975014-04	2	1
4	2023-11-16 19:00:00-05	2023-24	practice	2025-09-23 17:04:45.977393-04	2025-09-23 17:04:45.977396-04	2	1
5	2023-11-17 19:00:00-05	2023-24	practice	2025-09-23 17:04:45.979994-04	2025-09-23 17:04:45.979997-04	2	1
6	2023-11-18 19:00:00-05	2023-24	practice	2025-09-23 17:04:45.982445-04	2025-09-23 17:04:45.982448-04	2	1
7	2023-11-19 19:00:00-05	2023-24	practice	2025-09-23 17:04:45.984938-04	2025-09-23 17:04:45.984941-04	2	1
8	2023-11-20 19:00:00-05	2023-24	practice	2025-09-23 17:04:45.98644-04	2025-09-23 17:04:45.986443-04	2	1
9	2023-11-21 19:00:00-05	2023-24	practice	2025-09-23 17:04:45.98809-04	2025-09-23 17:04:45.988093-04	2	1
10	2023-11-22 19:00:00-05	2023-24	practice	2025-09-23 17:04:45.990285-04	2025-09-23 17:04:45.990288-04	2	1
11	2023-11-23 19:00:00-05	2023-24	practice	2025-09-23 17:04:45.992497-04	2025-09-23 17:04:45.9925-04	2	1
12	2023-11-24 19:00:00-05	2023-24	practice	2025-09-23 17:04:45.994687-04	2025-09-23 17:04:45.99469-04	2	1
13	2023-11-25 19:00:00-05	2023-24	practice	2025-09-23 17:04:45.996887-04	2025-09-23 17:04:45.99689-04	2	1
14	2023-11-26 19:00:00-05	2023-24	practice	2025-09-23 17:04:45.999098-04	2025-09-23 17:04:45.999102-04	2	1
15	2023-11-27 19:00:00-05	2023-24	practice	2025-09-23 17:04:46.001271-04	2025-09-23 17:04:46.001274-04	2	1
16	2023-11-28 19:00:00-05	2023-24	practice	2025-09-23 17:04:46.003313-04	2025-09-23 17:04:46.003316-04	2	1
17	2023-11-29 19:00:00-05	2023-24	practice	2025-09-23 17:04:46.005299-04	2025-09-23 17:04:46.005302-04	2	1
18	2023-11-30 19:00:00-05	2023-24	practice	2025-09-23 17:04:46.007548-04	2025-09-23 17:04:46.007551-04	2	1
19	2023-12-01 19:00:00-05	2023-24	practice	2025-09-23 17:04:46.009573-04	2025-09-23 17:04:46.009576-04	2	1
20	2023-12-02 19:00:00-05	2023-24	practice	2025-09-23 17:04:46.011762-04	2025-09-23 17:04:46.011765-04	2	1
21	2023-12-03 19:00:00-05	2023-24	practice	2025-09-23 17:04:46.013969-04	2025-09-23 17:04:46.013972-04	2	1
22	2023-12-04 19:00:00-05	2023-24	practice	2025-09-23 17:04:46.01613-04	2025-09-23 17:04:46.016133-04	2	1
23	2023-12-05 19:00:00-05	2023-24	practice	2025-09-23 17:04:46.018325-04	2025-09-23 17:04:46.018328-04	2	1
24	2023-12-06 19:00:00-05	2023-24	practice	2025-09-23 17:04:46.020119-04	2025-09-23 17:04:46.020122-04	2	1
25	2023-12-07 19:00:00-05	2023-24	practice	2025-09-23 17:04:46.022281-04	2025-09-23 17:04:46.022284-04	2	1
26	2023-12-08 19:00:00-05	2023-24	practice	2025-09-23 17:04:46.024477-04	2025-09-23 17:04:46.02448-04	2	1
27	2023-12-09 19:00:00-05	2023-24	practice	2025-09-23 17:04:46.026671-04	2025-09-23 17:04:46.026674-04	2	1
28	2023-12-10 19:00:00-05	2023-24	practice	2025-09-23 17:04:46.029027-04	2025-09-23 17:04:46.02903-04	2	1
29	2023-12-11 19:00:00-05	2023-24	practice	2025-09-23 17:04:46.031402-04	2025-09-23 17:04:46.031405-04	2	1
30	2023-12-12 19:00:00-05	2023-24	practice	2025-09-23 17:04:46.033639-04	2025-09-23 17:04:46.033642-04	2	1
31	2023-12-13 19:00:00-05	2023-24	practice	2025-09-23 17:04:46.035558-04	2025-09-23 17:04:46.035561-04	2	1
32	2023-12-14 19:00:00-05	2023-24	practice	2025-09-23 17:04:46.037889-04	2025-09-23 17:04:46.037892-04	2	1
33	2023-12-15 19:00:00-05	2023-24	practice	2025-09-23 17:04:46.040099-04	2025-09-23 17:04:46.040102-04	2	1
34	2023-12-16 19:00:00-05	2023-24	practice	2025-09-23 17:04:46.042283-04	2025-09-23 17:04:46.042286-04	2	1
35	2023-12-17 19:00:00-05	2023-24	practice	2025-09-23 17:04:46.044442-04	2025-09-23 17:04:46.044446-04	2	1
36	2023-12-18 19:00:00-05	2023-24	practice	2025-09-23 17:04:46.046444-04	2025-09-23 17:04:46.046447-04	2	1
37	2023-12-19 19:00:00-05	2023-24	practice	2025-09-23 17:04:46.048624-04	2025-09-23 17:04:46.048627-04	2	1
38	2023-12-20 19:00:00-05	2023-24	practice	2025-09-23 17:04:46.050864-04	2025-09-23 17:04:46.050867-04	2	1
\.


--
-- Data for Name: passes; Type: TABLE DATA; Schema: app; Owner: okcapplicant
--

COPY app.passes (pass_id, action_type, ball_start_loc_x, ball_start_loc_y, ball_end_loc_x, ball_end_loc_y, completed_pass, potential_assist, turnover, pass_distance, pass_speed, quarter, time_remaining, created_at, game_id, player_id, receiver_id) FROM stdin;
1	pickAndRoll	5.48	23.03	2.69	22.48	t	f	f	2.8436947796836427	\N	\N	\N	2025-09-23 17:04:46.092939-04	0	0	\N
2	pickAndRoll	-6.94	24.15	-9.85	22.56	t	f	f	3.3160518693168832	\N	\N	\N	2025-09-23 17:04:46.094878-04	0	0	\N
28	pickAndRoll	-5.02	25.16	-6.51	18.51	t	f	f	6.814880776653395	\N	\N	\N	2025-09-23 17:04:46.0967-04	4	0	\N
29	pickAndRoll	1.75	30.02	1.98	22.2	t	f	f	7.823381621779677	\N	\N	\N	2025-09-23 17:04:46.098356-04	4	0	\N
32	pickAndRoll	17.11	23.68	9.75	14.88	t	f	f	11.472122732955745	\N	\N	\N	2025-09-23 17:04:46.100026-04	4	0	\N
33	pickAndRoll	0.36	30.78	15.58	21.29	t	f	f	17.936234275900837	\N	\N	\N	2025-09-23 17:04:46.101697-04	4	0	\N
34	pickAndRoll	-11.87	18.28	-7.93	15.37	t	f	f	4.898132297110809	\N	\N	\N	2025-09-23 17:04:46.103095-04	4	0	\N
35	pickAndRoll	-18.73	12.99	-15.95	11.51	t	f	f	3.1494126436527825	\N	\N	\N	2025-09-23 17:04:46.104758-04	4	0	\N
37	pickAndRoll	8.39	16.59	7.42	16.72	t	t	f	0.9786725703727478	\N	\N	\N	2025-09-23 17:04:46.106392-04	1	0	\N
38	pickAndRoll	16.04	2.93	10.29	10.36	t	t	f	9.395073176936942	\N	\N	\N	2025-09-23 17:04:46.108054-04	1	0	\N
39	pickAndRoll	-4.25	29.91	18.33	10.9	t	t	f	29.516715603196772	\N	\N	\N	2025-09-23 17:04:46.109768-04	1	0	\N
58	pickAndRoll	-7.71	0.97	-12.56	18.28	t	f	f	17.976612584132752	\N	\N	\N	2025-09-23 17:04:46.111613-04	2	0	\N
59	pickAndRoll	-9.76	10.07	1.4	7.21	f	f	t	11.520642343202917	\N	\N	\N	2025-09-23 17:04:46.113301-04	2	0	\N
61	pickAndRoll	-1.45	22.22	-5.22	21.49	t	t	f	3.840026041578364	\N	\N	\N	2025-09-23 17:04:46.114972-04	2	0	\N
77	pickAndRoll	-10.47	22.67	-17.13	15.92	t	t	f	9.482515489046143	\N	\N	\N	2025-09-23 17:04:46.116612-04	3	0	\N
78	pickAndRoll	3	21.8	-3.3	16.88	t	f	f	7.993522377525443	\N	\N	\N	2025-09-23 17:04:46.118277-04	3	0	\N
80	pickAndRoll	4.06	8.53	-13.68	3.09	t	f	f	18.55535502220316	\N	\N	\N	2025-09-23 17:04:46.119971-04	3	0	\N
129	isolation	-0.54	10.94	-17.26	2.2	t	f	f	18.86653121270574	\N	\N	\N	2025-09-23 17:04:46.121644-04	0	0	\N
176	offBallScreen	2.9	31.41	-7.19	23.26	t	f	f	12.970373934470818	\N	\N	\N	2025-09-23 17:04:46.122911-04	0	0	\N
18	pickAndRoll	3.83	6.93	-10.36	20.16	t	f	f	19.400747408283014	\N	\N	\N	2025-09-23 17:04:46.155989-04	29	1	\N
41	pickAndRoll	4.16	31.27	-6.37	34.19	t	f	f	10.927364732633391	\N	\N	\N	2025-09-23 17:04:46.157663-04	28	1	\N
42	pickAndRoll	-5.16	26.84	17.54	18.35	t	f	f	24.23571950654653	\N	\N	\N	2025-09-23 17:04:46.159407-04	28	1	\N
62	pickAndRoll	9.3	23.74	21.01	14.4	t	f	f	14.978641460426243	\N	\N	\N	2025-09-23 17:04:46.161069-04	7	1	\N
132	isolation	-1.12	11.66	-4.37	14.99	t	t	f	4.6531064892177145	\N	\N	\N	2025-09-23 17:04:46.162716-04	6	1	\N
147	postUp	5.1	7.9	-11.61	18.81	t	f	f	19.956257164107704	\N	\N	\N	2025-09-23 17:04:46.164358-04	7	1	\N
148	postUp	4.03	8.92	-2.49	10.43	t	t	f	6.692570507659968	\N	\N	\N	2025-09-23 17:04:46.166004-04	7	1	\N
161	postUp	19.63	11.67	14.95	20.69	t	f	f	10.161830543755393	\N	\N	\N	2025-09-23 17:04:46.167676-04	29	1	\N
164	postUp	2.11	12.58	12.1	23.51	t	f	f	14.80759940030794	\N	\N	\N	2025-09-23 17:04:46.169193-04	28	1	\N
177	offBallScreen	2.87	24.46	0.88	24.21	t	t	f	2.005642041840966	\N	\N	\N	2025-09-23 17:04:46.170727-04	28	1	\N
14	pickAndRoll	1.55	26.01	-7.5	26.33	t	t	f	9.055655691334561	\N	\N	\N	2025-09-23 17:04:46.197919-04	9	2	\N
15	pickAndRoll	-0.41	18.38	-14.2	21.48	t	f	f	14.1341465960984	\N	\N	\N	2025-09-23 17:04:46.199693-04	9	2	\N
16	pickAndRoll	-16.23	15.32	-7.36	24.13	t	f	f	12.50171988168028	\N	\N	\N	2025-09-23 17:04:46.201491-04	9	2	\N
154	postUp	12.49	5.68	11.31	21.83	t	f	f	16.19305097873776	\N	\N	\N	2025-09-23 17:04:46.203257-04	38	2	\N
166	postUp	2.36	27.14	8.5	25.77	t	f	f	6.290985614353287	\N	\N	\N	2025-09-23 17:04:46.204968-04	38	2	\N
170	postUp	-1.12	-1.39	4.25	20.88	t	f	f	22.908291075503648	\N	\N	\N	2025-09-23 17:04:46.206477-04	9	2	\N
171	postUp	-15.02	18	-20.93	14.25	t	f	f	6.999328539224316	\N	\N	\N	2025-09-23 17:04:46.207783-04	9	2	\N
36	pickAndRoll	1.26	19.39	-16.89	21.86	t	f	f	18.317297835652507	\N	\N	\N	2025-09-23 17:04:46.243401-04	11	3	\N
63	pickAndRoll	-8.16	28.82	-21.68	3.42	t	f	f	28.77412726739075	\N	\N	\N	2025-09-23 17:04:46.245152-04	13	3	\N
88	pickAndRoll	22.94	20.58	14.57	23.37	t	f	f	8.82275467186978	\N	\N	\N	2025-09-23 17:04:46.24688-04	17	3	\N
90	pickAndRoll	7.49	6.3	-17.5	22.96	t	t	f	30.034242124615034	\N	\N	\N	2025-09-23 17:04:46.248636-04	17	3	\N
112	pickAndRoll	21.03	25.11	23.06	10.67	t	f	f	14.581992319295741	\N	\N	\N	2025-09-23 17:04:46.250306-04	5	3	\N
113	pickAndRoll	12.73	35.32	15.21	26.13	t	f	f	9.51874466513311	\N	\N	\N	2025-09-23 17:04:46.251638-04	5	3	\N
115	pickAndRoll	6.18	17.94	-20.94	4.13	t	t	f	30.433706642471275	\N	\N	\N	2025-09-23 17:04:46.253158-04	5	3	\N
116	pickAndRoll	-23.68	20.03	-9.21	26.78	t	f	f	15.96694710957608	\N	\N	\N	2025-09-23 17:04:46.25485-04	5	3	\N
128	isolation	-0.86	13.61	18.37	13.81	t	f	f	19.23104001347821	\N	\N	\N	2025-09-23 17:04:46.256534-04	12	3	\N
131	isolation	-3.83	10.37	-13.21	21.93	t	t	f	14.886839825832748	\N	\N	\N	2025-09-23 17:04:46.258207-04	13	3	\N
138	isolation	-3.4	13.59	-15.43	16.95	t	f	f	12.490416326127804	\N	\N	\N	2025-09-23 17:04:46.259914-04	11	3	\N
190	offBallScreen	1.9	19.3	-18	20.13	t	f	f	19.917301524051894	\N	\N	\N	2025-09-23 17:04:46.261706-04	11	3	\N
191	offBallScreen	7.68	8.96	21.33	4.75	t	f	f	14.284488090232704	\N	\N	\N	2025-09-23 17:04:46.263568-04	11	3	\N
5	pickAndRoll	-16.36	24.11	-19.65	18.36	t	f	f	6.624696219450367	\N	\N	\N	2025-09-23 17:04:46.311916-04	15	4	\N
55	pickAndRoll	-6.2	25.35	-4.72	19.54	f	f	t	5.995540009040056	\N	\N	\N	2025-09-23 17:04:46.313778-04	16	4	\N
56	pickAndRoll	-3.59	14.87	-17.15	14.84	t	t	f	13.560033185800098	\N	\N	\N	2025-09-23 17:04:46.315545-04	16	4	\N
57	pickAndRoll	0.26	24.04	-3.45	18.48	f	f	t	6.684137939929126	\N	\N	\N	2025-09-23 17:04:46.317343-04	16	4	\N
81	pickAndRoll	-17.44	28.9	-19.12	24.25	t	f	f	4.9441783948397315	\N	\N	\N	2025-09-23 17:04:46.318627-04	18	4	\N
82	pickAndRoll	-0.39	23.84	3.81	11.83	t	f	f	12.723211072681297	\N	\N	\N	2025-09-23 17:04:46.320418-04	18	4	\N
83	pickAndRoll	-10.88	11.8	19.16	2.91	t	t	f	31.327842249347462	\N	\N	\N	2025-09-23 17:04:46.322205-04	18	4	\N
84	pickAndRoll	6.8	-2.9	21.01	-0.31	t	t	f	14.444106064412573	\N	\N	\N	2025-09-23 17:04:46.323948-04	18	4	\N
85	pickAndRoll	-5.11	18.98	-13.52	17.57	t	f	f	8.527379433331204	\N	\N	\N	2025-09-23 17:04:46.325737-04	18	4	\N
86	pickAndRoll	-12.58	16.24	20.1	5.93	t	t	f	34.26774722680206	\N	\N	\N	2025-09-23 17:04:46.328066-04	18	4	\N
87	pickAndRoll	1.09	31.79	-17.6	18.15	t	t	f	23.137970956849266	\N	\N	\N	2025-09-23 17:04:46.329922-04	17	4	\N
89	pickAndRoll	7.82	23.28	11.43	11.54	t	f	f	12.282495674739724	\N	\N	\N	2025-09-23 17:04:46.331725-04	17	4	\N
91	pickAndRoll	-6.92	23.1	-13.35	7.53	t	f	f	16.845468233326137	\N	\N	\N	2025-09-23 17:04:46.333558-04	17	4	\N
130	isolation	-1.89	7.08	-3.57	6.85	t	t	f	1.695670958647343	\N	\N	\N	2025-09-23 17:04:46.335455-04	16	4	\N
13	pickAndRoll	9.3	20.67	7.53	18.4	t	t	f	2.878506557227205	\N	\N	\N	2025-09-23 17:04:46.398758-04	20	5	\N
27	pickAndRoll	6	7.68	11.34	6.62	t	t	f	5.4441895631948745	\N	\N	\N	2025-09-23 17:04:46.400504-04	22	5	\N
43	pickAndRoll	0.39	16.04	-10.96	18.92	t	t	f	11.709692566416935	\N	\N	\N	2025-09-23 17:04:46.402267-04	19	5	\N
44	pickAndRoll	-10.06	11.73	0.33	26.79	t	t	f	18.296330233136917	\N	\N	\N	2025-09-23 17:04:46.403975-04	19	5	\N
45	pickAndRoll	1.11	34.83	7.61	29.28	t	f	f	8.547075523241851	\N	\N	\N	2025-09-23 17:04:46.405692-04	19	5	\N
46	pickAndRoll	0.35	28.56	-5.12	22.7	t	f	f	8.016264716187957	\N	\N	\N	2025-09-23 17:04:46.407453-04	19	5	\N
47	pickAndRoll	3.19	19.85	4.97	18.08	t	f	f	2.5102390324429287	\N	\N	\N	2025-09-23 17:04:46.410736-04	19	5	\N
48	pickAndRoll	17.87	26.93	5.67	24.53	t	f	f	12.433824833895644	\N	\N	\N	2025-09-23 17:04:46.412417-04	19	5	\N
49	pickAndRoll	3.76	25.94	3.78	24.26	t	f	f	1.6801190434013893	\N	\N	\N	2025-09-23 17:04:46.413982-04	19	5	\N
50	pickAndRoll	5.33	17.98	6.72	18.06	t	f	f	1.3923002549737606	\N	\N	\N	2025-09-23 17:04:46.415716-04	19	5	\N
51	pickAndRoll	-21.57	28.62	-15.97	29.58	t	f	f	5.681689889460705	\N	\N	\N	2025-09-23 17:04:46.417476-04	19	5	\N
52	pickAndRoll	-16.71	25.4	-1.56	34.23	t	f	f	17.53543270067779	\N	\N	\N	2025-09-23 17:04:46.419077-04	19	5	\N
53	pickAndRoll	-12.46	21.14	-11.4	21.57	t	f	f	1.1438968484964023	\N	\N	\N	2025-09-23 17:04:46.420661-04	19	5	\N
54	pickAndRoll	-16.88	6.78	-17.04	15.43	t	t	f	8.651479642234614	\N	\N	\N	2025-09-23 17:04:46.42243-04	20	5	\N
71	pickAndRoll	-6.15	18.48	-0.35	17.01	t	t	f	5.9833853293933865	\N	\N	\N	2025-09-23 17:04:46.424141-04	21	5	\N
72	pickAndRoll	1.48	16.75	11.32	20.34	t	t	f	10.474430772123132	\N	\N	\N	2025-09-23 17:04:46.42591-04	21	5	\N
73	pickAndRoll	-5.79	36.9	-3.36	32.6	t	f	f	4.939119354702818	\N	\N	\N	2025-09-23 17:04:46.427844-04	21	5	\N
74	pickAndRoll	-1.97	27.86	-15.04	24.94	t	t	f	13.392210422480673	\N	\N	\N	2025-09-23 17:04:46.429643-04	21	5	\N
75	pickAndRoll	-14.43	19.75	20.34	17.09	t	f	f	34.87160019270696	\N	\N	\N	2025-09-23 17:04:46.431154-04	21	5	\N
76	pickAndRoll	-2.62	18.19	-19.98	14.57	t	f	f	17.73341478678035	\N	\N	\N	2025-09-23 17:04:46.432913-04	21	5	\N
95	pickAndRoll	3.6	8.89	16.49	13.14	t	f	f	13.572567922099338	\N	\N	\N	2025-09-23 17:04:46.43471-04	23	5	\N
104	pickAndRoll	4.76	13.47	3.31	15.19	t	f	f	2.2496444163467246	\N	\N	\N	2025-09-23 17:04:46.436165-04	23	5	\N
107	pickAndRoll	-7.71	20.96	2.36	17.24	t	t	f	10.735143222146597	\N	\N	\N	2025-09-23 17:04:46.437923-04	23	5	\N
118	isolation	5.39	6.61	7.96	6.98	t	t	f	2.5964976410541953	\N	\N	\N	2025-09-23 17:04:46.439677-04	22	5	\N
127	isolation	5.51	8.5	17.82	4.23	t	t	f	13.029543353471755	\N	\N	\N	2025-09-23 17:04:46.441411-04	20	5	\N
135	isolation	-11.76	9.45	-9.84	4.88	f	f	t	4.9569446234550565	\N	\N	\N	2025-09-23 17:04:46.44323-04	20	5	\N
142	isolation	-0.36	16.76	9.98	20.6	t	t	f	11.030013599266322	\N	\N	\N	2025-09-23 17:04:46.444639-04	21	5	\N
144	isolation	9.71	8.18	19.83	3.06	t	t	f	11.341463750327817	\N	\N	\N	2025-09-23 17:04:46.446371-04	23	5	\N
173	postUp	13.27	5.39	-9.29	23.4	t	f	f	28.86717339816976	\N	\N	\N	2025-09-23 17:04:46.448144-04	22	5	\N
0	pickAndRoll	12.88	27.77	6.73	22.79	t	f	f	7.913463211514919	\N	\N	\N	2025-09-23 17:04:46.588849-04	24	6	\N
7	pickAndRoll	2.82	29.2	17.12	23.49	t	f	f	15.397860240955561	\N	\N	\N	2025-09-23 17:04:46.590153-04	25	6	\N
8	pickAndRoll	-22.79	9.4	20.17	4.78	t	f	f	43.20770764574302	\N	\N	\N	2025-09-23 17:04:46.591294-04	25	6	\N
9	pickAndRoll	-4.71	37.7	10.64	30.24	t	f	f	17.0667542315462	\N	\N	\N	2025-09-23 17:04:46.59239-04	25	6	\N
10	pickAndRoll	-0.12	31.39	1.16	28.94	t	f	f	2.7642177917088944	\N	\N	\N	2025-09-23 17:04:46.593486-04	25	6	\N
11	pickAndRoll	0.46	10.4	-19.48	4.53	t	t	f	20.786065043677702	\N	\N	\N	2025-09-23 17:04:46.594578-04	25	6	\N
12	pickAndRoll	-6.04	6.65	-0.59	0.57	t	t	f	8.165102571309193	\N	\N	\N	2025-09-23 17:04:46.596201-04	25	6	\N
19	pickAndRoll	21.31	28.57	17.47	19.81	t	t	f	9.564685044474807	\N	\N	\N	2025-09-23 17:04:46.597287-04	27	6	\N
20	pickAndRoll	-3.37	3.89	-19.49	1.49	t	t	f	16.297680816607002	\N	\N	\N	2025-09-23 17:04:46.598319-04	27	6	\N
22	pickAndRoll	8.17	6.51	-10.51	20.8	t	t	f	23.519066733184804	\N	\N	\N	2025-09-23 17:04:46.599346-04	27	6	\N
23	pickAndRoll	-6.26	28.39	18.55	6.55	t	f	f	33.0533160212406	\N	\N	\N	2025-09-23 17:04:46.600419-04	27	6	\N
24	pickAndRoll	7.28	13.74	-14.27	18.87	t	t	f	22.152187250924005	\N	\N	\N	2025-09-23 17:04:46.601663-04	27	6	\N
26	pickAndRoll	3.86	8.09	1.32	1.57	t	t	f	6.997285187842496	\N	\N	\N	2025-09-23 17:04:46.60284-04	27	6	\N
65	pickAndRoll	8.88	17	2.42	7.23	t	t	f	11.71257870838015	\N	\N	\N	2025-09-23 17:04:46.60407-04	26	6	\N
66	pickAndRoll	-15.05	24.97	-3.09	7.44	t	t	f	21.22127470252435	\N	\N	\N	2025-09-23 17:04:46.605252-04	26	6	\N
67	pickAndRoll	-8.81	4.74	-0.5	2.68	t	t	f	8.56152439697511	\N	\N	\N	2025-09-23 17:04:46.606405-04	26	6	\N
69	pickAndRoll	13.28	3.99	20.88	3.05	t	t	f	7.657910942287067	\N	\N	\N	2025-09-23 17:04:46.607525-04	26	6	\N
92	pickAndRoll	7.25	25	3.86	13.28	t	t	f	12.200430320279692	\N	\N	\N	2025-09-23 17:04:46.608682-04	23	6	\N
93	pickAndRoll	-11.51	31.45	-0.29	28.95	t	f	f	11.495146802020408	\N	\N	\N	2025-09-23 17:04:46.609845-04	23	6	\N
94	pickAndRoll	3.82	4.17	1.84	3.54	t	t	f	2.077811348510735	\N	\N	\N	2025-09-23 17:04:46.611085-04	23	6	\N
96	pickAndRoll	-15.64	19.49	-17.71	14.28	t	f	f	5.606157329222931	\N	\N	\N	2025-09-23 17:04:46.612438-04	23	6	\N
97	pickAndRoll	5.71	25.07	12.64	25.13	t	f	f	6.930259735392318	\N	\N	\N	2025-09-23 17:04:46.613614-04	23	6	\N
98	pickAndRoll	-1.29	11.76	19.51	4.67	t	t	f	21.975170078977776	\N	\N	\N	2025-09-23 17:04:46.614854-04	23	6	\N
99	pickAndRoll	2.68	2.27	-21.22	1.75	t	t	f	23.905656234456313	\N	\N	\N	2025-09-23 17:04:46.616009-04	23	6	\N
101	pickAndRoll	2.08	7.06	-7.31	20.31	t	t	f	16.23990763520532	\N	\N	\N	2025-09-23 17:04:46.617151-04	23	6	\N
102	pickAndRoll	3.46	8.11	17.02	-0.21	t	t	f	15.90899116851851	\N	\N	\N	2025-09-23 17:04:46.61838-04	23	6	\N
103	pickAndRoll	-3.15	5.22	21.47	1.99	t	t	f	24.830974608339478	\N	\N	\N	2025-09-23 17:04:46.619829-04	23	6	\N
105	pickAndRoll	7	11.78	4	21.5	t	t	f	10.172433337210915	\N	\N	\N	2025-09-23 17:04:46.621057-04	23	6	\N
108	pickAndRoll	-16.52	26.58	-16.75	24.67	t	f	f	1.9237983262286062	\N	\N	\N	2025-09-23 17:04:46.622267-04	24	6	\N
110	pickAndRoll	-12.07	12.71	-4.37	14.88	t	t	f	7.999931249704588	\N	\N	\N	2025-09-23 17:04:46.623512-04	24	6	\N
111	pickAndRoll	9	15.82	6.81	13.77	f	f	t	2.9997666575918878	\N	\N	\N	2025-09-23 17:04:46.6247-04	24	6	\N
117	isolation	-9.84	12.19	19.78	3.93	t	f	f	30.75015447115673	\N	\N	\N	2025-09-23 17:04:46.625947-04	27	6	\N
120	isolation	2.76	7.91	0.31	1.52	t	t	f	6.84358093398478	\N	\N	\N	2025-09-23 17:04:46.627113-04	27	6	\N
121	isolation	3.81	10.16	-4.88	22.79	t	f	f	15.330786020292631	\N	\N	\N	2025-09-23 17:04:46.628389-04	27	6	\N
122	isolation	7.7	3.21	6.57	27.38	t	t	f	24.196400558760796	\N	\N	\N	2025-09-23 17:04:46.629579-04	27	6	\N
125	isolation	10	17.6	3.55	8.35	t	t	f	11.276745984547139	\N	\N	\N	2025-09-23 17:04:46.630716-04	26	6	\N
126	isolation	-10.16	5.73	-20.39	4.34	t	f	f	10.324001162340114	\N	\N	\N	2025-09-23 17:04:46.644602-04	26	6	\N
139	isolation	8.86	15.6	-10	20.45	t	f	f	19.473625753824066	\N	\N	\N	2025-09-23 17:04:46.646296-04	25	6	\N
140	isolation	17.94	24.1	1.31	23.65	t	f	f	16.63608728036734	\N	\N	\N	2025-09-23 17:04:46.647574-04	25	6	\N
143	isolation	4.52	10.49	20.88	4.41	t	t	f	17.453251846002797	\N	\N	\N	2025-09-23 17:04:46.649001-04	26	6	\N
163	postUp	9.82	8.36	-11.44	20	t	t	f	24.237928954430078	\N	\N	\N	2025-09-23 17:04:46.650368-04	27	6	\N
167	postUp	1.54	2.42	-17.38	2.93	t	t	f	18.926872430488878	\N	\N	\N	2025-09-23 17:04:46.651747-04	23	6	\N
168	postUp	-3.93	5.75	-20.41	3.58	t	t	f	16.62225315653687	\N	\N	\N	2025-09-23 17:04:46.652952-04	27	6	\N
169	postUp	8.98	12.48	-11.82	19.23	t	t	f	21.86784168590947	\N	\N	\N	2025-09-23 17:04:46.654147-04	27	6	\N
141	isolation	-12.85	6.3	-4.25	5.99	t	t	f	8.605585395543988	\N	\N	\N	2025-09-23 17:04:46.677036-04	32	7	\N
145	postUp	10.65	2.25	17.88	10.61	t	t	f	11.052714598685698	\N	\N	\N	2025-09-23 17:04:46.678226-04	11	7	\N
146	postUp	-13.86	8.05	-15.54	22.7	t	f	f	14.74601302047438	\N	\N	\N	2025-09-23 17:04:46.679491-04	31	7	\N
151	postUp	17.36	13.52	-6.9	25.54	t	f	f	27.074489838222252	\N	\N	\N	2025-09-23 17:04:46.680819-04	33	7	\N
153	postUp	9.02	7.05	-5.71	26.92	t	t	f	24.73438497315023	\N	\N	\N	2025-09-23 17:04:46.681968-04	11	7	\N
165	postUp	12.22	3.18	-16.23	-6.25	t	f	f	29.972110369475157	\N	\N	\N	2025-09-23 17:04:46.683161-04	31	7	\N
4	pickAndRoll	-3.8	26.33	-5.08	14.57	t	t	f	11.829454763428446	\N	\N	\N	2025-09-23 17:04:46.695469-04	0	8	\N
17	pickAndRoll	6.12	22.28	4.44	19.66	f	f	t	3.1123624467596964	\N	\N	\N	2025-09-23 17:04:46.696653-04	35	8	\N
64	pickAndRoll	-19.41	12.11	-21.22	6.73	t	f	f	5.6763104213916975	\N	\N	\N	2025-09-23 17:04:46.697759-04	37	8	\N
123	isolation	9.56	6.81	20.38	7.26	t	t	f	10.82935362798722	\N	\N	\N	2025-09-23 17:04:46.698855-04	35	8	\N
124	isolation	-4.11	19.6	-14.58	17.82	t	f	f	10.62023069429285	\N	\N	\N	2025-09-23 17:04:46.699962-04	35	8	\N
134	isolation	-8.15	9.25	19.57	4.22	t	t	f	28.172669380092472	\N	\N	\N	2025-09-23 17:04:46.701062-04	20	8	\N
136	isolation	2.26	8.39	20.88	3.66	t	f	f	19.211384645568884	\N	\N	\N	2025-09-23 17:04:46.702283-04	0	8	\N
152	postUp	2.96	10.92	10.95	19.39	t	t	f	11.643925454931425	\N	\N	\N	2025-09-23 17:04:46.703372-04	37	8	\N
156	postUp	-4.84	26.89	-6.85	27.67	t	f	f	2.156038033059714	\N	\N	\N	2025-09-23 17:04:46.704453-04	0	8	\N
158	postUp	9.27	10.01	-7.93	21.09	t	f	f	20.459872922381507	\N	\N	\N	2025-09-23 17:04:46.70556-04	0	8	\N
160	postUp	-4.15	6.79	0.74	21.51	t	f	f	15.51097998193538	\N	\N	\N	2025-09-23 17:04:46.706636-04	0	8	\N
174	postUp	5.36	10.14	-21.16	4.17	t	t	f	27.183658694149322	\N	\N	\N	2025-09-23 17:04:46.707734-04	35	8	\N
175	postUp	-1.21	39.89	-10.01	35.9	t	f	f	9.662303038096043	\N	\N	\N	2025-09-23 17:04:46.708827-04	35	8	\N
178	offBallScreen	-15.57	5.91	-6.79	7.51	t	t	f	8.924595228916548	\N	\N	\N	2025-09-23 17:04:46.709923-04	37	8	\N
179	offBallScreen	-3.99	32	-17.22	19.55	t	f	f	18.166876451388113	\N	\N	\N	2025-09-23 17:04:46.710996-04	37	8	\N
181	offBallScreen	-15.07	-2.19	19.78	-3.02	t	t	f	34.85988238649121	\N	\N	\N	2025-09-23 17:04:46.712194-04	20	8	\N
182	offBallScreen	-7.36	30.49	-19.76	20.74	t	f	f	15.774108532655658	\N	\N	\N	2025-09-23 17:04:46.713275-04	20	8	\N
184	offBallScreen	-14.98	1.25	-2.88	8.56	t	t	f	14.136693389898504	\N	\N	\N	2025-09-23 17:04:46.714384-04	20	8	\N
185	offBallScreen	5.02	14.32	17.89	9.79	t	t	f	13.643965699165328	\N	\N	\N	2025-09-23 17:04:46.715576-04	35	8	\N
186	offBallScreen	-3.11	7.85	-5.26	14.2	t	f	f	6.704103221162395	\N	\N	\N	2025-09-23 17:04:46.71704-04	36	8	\N
187	offBallScreen	23.46	19.55	14.43	21.62	t	f	f	9.264221499942671	\N	\N	\N	2025-09-23 17:04:46.718569-04	36	8	\N
188	offBallScreen	-8.29	27.86	-14.34	22.7	t	f	f	7.951609899888199	\N	\N	\N	2025-09-23 17:04:46.719743-04	36	8	\N
150	postUp	-10.24	-0.13	-11.97	21.8	t	f	f	21.998131738854553	\N	\N	\N	2025-09-23 17:04:46.728456-04	2	9	\N
\.


--
-- Data for Name: player_game_stats; Type: TABLE DATA; Schema: app; Owner: okcapplicant
--

COPY app.player_game_stats (id, total_shots, shots_made, total_points, field_goal_percentage, three_pointers_made, three_pointers_attempted, two_pointers_made, two_pointers_attempted, total_passes, completed_passes, potential_assists, pass_completion_rate, total_turnovers, passing_turnovers, pick_and_roll_count, isolation_count, post_up_count, off_ball_screen_count, true_shooting_percentage, effective_field_goal_percentage, assist_to_turnover_ratio, usage_rate, created_at, updated_at, game_id, player_id) FROM stdin;
22	1	1	2	100	0	0	1	1	0	0	0	0	0	0	1	0	0	0	100	100	0	0	2025-09-23 17:04:46.844165-04	2025-09-23 17:04:46.850702-04	8	2
16	1	0	0	0	0	0	0	1	0	0	0	0	0	0	0	1	0	0	0	0	0	0	2025-09-23 17:04:46.735325-04	2025-09-23 17:04:46.743173-04	34	9
17	0	0	0	0	0	0	0	0	1	1	0	100	0	0	0	0	1	0	0	0	0	0	2025-09-23 17:04:46.774078-04	2025-09-23 17:04:46.784751-04	2	9
18	0	0	0	0	0	0	0	0	2	2	0	100	2	0	0	0	2	0	0	0	0	0	2025-09-23 17:04:46.789007-04	2025-09-23 17:04:46.797103-04	38	2
19	4	1	2	25	0	0	1	4	0	0	0	0	0	0	0	3	1	0	25	25	0	0	2025-09-23 17:04:46.804473-04	2025-09-23 17:04:46.810997-04	30	2
20	3	1	2	33.33333333333333	0	1	1	2	0	0	0	0	0	0	2	1	0	0	33.33333333333333	33.33333333333333	0	0	2025-09-23 17:04:46.828381-04	2025-09-23 17:04:46.835044-04	10	2
21	4	0	0	0	0	1	0	3	5	5	1	100	0	0	4	3	2	0	0	0	0	0	2025-09-23 17:04:46.836678-04	2025-09-23 17:04:46.842904-04	9	2
23	0	0	0	0	0	0	0	0	4	4	2	100	0	0	1	0	1	2	0	0	0	0	2025-09-23 17:04:46.860016-04	2025-09-23 17:04:46.86664-04	37	8
24	2	2	4	100	0	0	2	2	3	3	0	100	1	0	0	0	2	3	100	100	0	0	2025-09-23 17:04:46.868003-04	2025-09-23 17:04:46.874451-04	36	8
25	2	0	0	0	0	1	0	1	6	5	3	83.33333333333334	1	1	1	2	3	2	0	0	3	0	2025-09-23 17:04:46.875776-04	2025-09-23 17:04:46.882472-04	35	8
26	1	1	2	100	0	0	1	1	4	4	3	100	0	0	0	1	1	3	100	100	0	0	2025-09-23 17:04:46.895705-04	2025-09-23 17:04:46.902314-04	20	8
27	3	0	0	0	0	1	0	2	5	5	1	100	0	0	1	2	4	1	0	0	0	0	2025-09-23 17:04:46.922703-04	2025-09-23 17:04:46.93095-04	0	8
28	4	3	7	75	1	1	2	3	4	4	2	100	0	0	5	3	0	0	87.5	87.5	0	0	2025-09-23 17:04:46.944806-04	2025-09-23 17:04:46.951356-04	23	5
29	7	1	2	14.285714285714285	0	1	1	6	3	3	2	100	0	0	6	3	1	0	14.285714285714285	14.285714285714285	0	0	2025-09-23 17:04:46.952654-04	2025-09-23 17:04:46.959086-04	22	5
30	9	3	6	33.33333333333333	0	0	3	9	7	7	4	100	0	0	11	5	0	0	33.33333333333333	33.33333333333333	0	0	2025-09-23 17:04:46.960514-04	2025-09-23 17:04:46.969787-04	21	5
31	6	2	4	33.33333333333333	0	0	2	6	4	3	3	75	1	1	5	4	1	0	33.33333333333333	33.33333333333333	3	0	2025-09-23 17:04:46.971678-04	2025-09-23 17:04:46.981209-04	20	5
32	6	1	2	16.666666666666664	0	1	1	5	11	11	2	100	1	0	13	4	0	0	16.666666666666664	16.666666666666664	2	0	2025-09-23 17:04:46.983149-04	2025-09-23 17:04:46.990682-04	19	5
33	6	2	5	33.33333333333333	1	3	1	3	6	6	3	100	0	0	11	1	0	0	41.66666666666667	41.66666666666667	0	0	2025-09-23 17:04:47.029504-04	2025-09-23 17:04:47.039298-04	18	4
34	5	4	9	80	1	1	3	4	3	3	1	100	0	0	7	0	0	1	90	90	0	0	2025-09-23 17:04:47.04114-04	2025-09-23 17:04:47.050663-04	17	4
35	6	2	4	33.33333333333333	0	2	2	4	4	2	2	50	2	2	9	1	0	0	33.33333333333333	33.33333333333333	1	0	2025-09-23 17:04:47.052448-04	2025-09-23 17:04:47.059292-04	16	4
36	2	2	5	100	1	1	1	1	1	1	0	100	0	0	2	1	0	0	125	125	0	0	2025-09-23 17:04:47.060499-04	2025-09-23 17:04:47.066874-04	15	4
37	4	1	2	25	0	3	1	1	0	0	0	0	0	0	3	0	0	1	25	25	0	0	2025-09-23 17:04:47.068149-04	2025-09-23 17:04:47.0746-04	14	4
38	3	3	6	100	0	0	3	3	1	1	0	100	0	0	0	1	3	0	100	100	0	0	2025-09-23 17:04:47.095587-04	2025-09-23 17:04:47.105199-04	33	7
39	2	1	2	50	0	0	1	2	1	1	1	100	0	0	0	2	1	0	50	50	0	0	2025-09-23 17:04:47.107041-04	2025-09-23 17:04:47.116787-04	32	7
40	3	2	4	66.66666666666666	0	0	2	3	2	2	0	100	0	0	0	2	3	0	66.66666666666666	66.66666666666666	0	0	2025-09-23 17:04:47.118646-04	2025-09-23 17:04:47.127509-04	31	7
41	1	0	0	0	0	0	0	1	2	2	2	100	0	0	0	1	2	0	0	0	0	0	2025-09-23 17:04:47.149557-04	2025-09-23 17:04:47.158813-04	11	7
42	4	2	5	50	1	1	1	3	0	0	0	0	0	0	0	2	2	0	62.5	62.5	0	0	2025-09-23 17:04:47.16315-04	2025-09-23 17:04:47.172549-04	8	7
43	2	1	2	50	0	1	1	1	6	6	0	100	0	0	8	0	0	0	50	50	0	0	2025-09-23 17:04:47.212227-04	2025-09-23 17:04:47.218785-04	4	0
44	3	1	3	33.33333333333333	1	1	0	2	3	3	1	100	0	0	6	0	0	0	50	50	0	0	2025-09-23 17:04:47.220018-04	2025-09-23 17:04:47.226729-04	3	0
45	6	4	9	66.66666666666666	1	2	3	4	3	2	1	66.66666666666666	1	1	7	2	0	0	75	75	1	0	2025-09-23 17:04:47.228114-04	2025-09-23 17:04:47.234861-04	2	0
46	6	1	2	16.666666666666664	0	3	1	3	3	3	3	100	0	0	7	1	0	1	16.666666666666664	16.666666666666664	0	0	2025-09-23 17:04:47.236118-04	2025-09-23 17:04:47.242487-04	1	0
47	3	2	7	66.66666666666666	1	2	0	0	4	4	0	100	0	0	3	1	0	3	116.66666666666667	83.33333333333334	0	0	2025-09-23 17:04:47.243754-04	2025-09-23 17:04:47.250322-04	0	0
48	2	1	2	50	0	0	1	2	2	2	0	100	1	0	1	2	1	0	50	50	0	0	2025-09-23 17:04:47.259311-04	2025-09-23 17:04:47.265895-04	29	1
49	1	1	2	100	0	0	1	1	4	4	1	100	0	0	2	1	1	1	100	100	0	0	2025-09-23 17:04:47.267225-04	2025-09-23 17:04:47.273739-04	28	1
50	2	1	2	50	0	0	1	2	3	3	1	100	0	0	3	0	2	0	50	50	0	0	2025-09-23 17:04:47.296315-04	2025-09-23 17:04:47.305376-04	7	1
51	4	3	6	75	0	0	3	4	1	1	1	100	0	0	1	4	0	0	75	75	0	0	2025-09-23 17:04:47.30721-04	2025-09-23 17:04:47.316776-04	6	1
52	4	1	2	25	0	0	1	4	0	0	0	0	0	0	4	0	0	0	25	25	0	0	2025-09-23 17:04:47.318749-04	2025-09-23 17:04:47.327577-04	5	1
53	15	7	16	46.666666666666664	2	3	5	12	13	13	10	100	0	0	11	11	6	0	53.333333333333336	53.333333333333336	0	0	2025-09-23 17:04:47.348605-04	2025-09-23 17:04:47.358323-04	27	6
54	10	5	12	50	2	5	3	5	7	7	6	100	1	0	11	4	2	0	60	60	6	0	2025-09-23 17:04:47.360363-04	2025-09-23 17:04:47.368986-04	26	6
55	11	9	21	81.81818181818183	3	4	6	7	8	8	2	100	0	0	12	4	2	1	95.45454545454545	95.45454545454545	0	0	2025-09-23 17:04:47.370347-04	2025-09-23 17:04:47.376914-04	25	6
56	11	9	20	81.81818181818183	2	4	7	7	4	3	1	75	1	1	9	4	2	0	90.9090909090909	90.9090909090909	1	0	2025-09-23 17:04:47.378224-04	2025-09-23 17:04:47.38474-04	24	6
57	7	3	6	42.857142857142854	0	1	3	6	12	12	9	100	0	0	14	3	2	0	42.857142857142854	42.857142857142854	0	0	2025-09-23 17:04:47.386154-04	2025-09-23 17:04:47.39266-04	23	6
58	2	1	2	50	0	1	1	1	2	2	1	100	1	0	2	0	0	2	50	50	1	0	2025-09-23 17:04:47.437753-04	2025-09-23 17:04:47.447249-04	17	3
59	4	4	10	100	2	2	2	2	2	2	1	100	0	0	3	1	0	2	125	125	0	0	2025-09-23 17:04:47.452478-04	2025-09-23 17:04:47.46203-04	13	3
60	4	3	8	75	2	3	1	1	1	1	0	100	0	0	3	1	0	1	100	100	0	0	2025-09-23 17:04:47.464139-04	2025-09-23 17:04:47.474393-04	12	3
61	3	2	3	66.66666666666666	0	1	1	1	4	4	0	100	0	0	2	3	0	2	50	66.66666666666666	0	0	2025-09-23 17:04:47.476365-04	2025-09-23 17:04:47.485304-04	11	3
62	3	1	2	33.33333333333333	0	1	1	2	4	4	1	100	1	0	4	1	1	1	33.33333333333333	33.33333333333333	1	0	2025-09-23 17:04:47.490847-04	2025-09-23 17:04:47.497184-04	5	3
\.


--
-- Data for Name: player_season_stats; Type: TABLE DATA; Schema: app; Owner: okcapplicant
--

COPY app.player_season_stats (id, season, games_played, total_points, total_shots, total_passes, total_assists, total_turnovers, ppg, apg, tpg, fg_percentage, three_point_percentage, points_rank, assists_rank, fg_percentage_rank, efficiency_rank, created_at, updated_at, player_id) FROM stdin;
\.


--
-- Data for Name: players; Type: TABLE DATA; Schema: app; Owner: okcapplicant
--

COPY app.players (player_id, name, "position", jersey_number, height, weight, birth_date, created_at, updated_at, team_id) FROM stdin;
0	Michael Jordan	\N	\N	\N	\N	\N	2025-09-23 17:04:46.055-04	2025-09-23 17:04:46.055004-04	1
1	Pound	\N	\N	\N	\N	\N	2025-09-23 17:04:46.132947-04	2025-09-23 17:04:46.132952-04	2
2	Buddy	\N	\N	\N	\N	\N	2025-09-23 17:04:46.175741-04	2025-09-23 17:04:46.175746-04	3
3	Uncle Drew	\N	\N	\N	\N	\N	2025-09-23 17:04:46.215003-04	2025-09-23 17:04:46.215007-04	4
4	Goofy	\N	\N	\N	\N	\N	2025-09-23 17:04:46.270827-04	2025-09-23 17:04:46.270832-04	5
5	David Greene	\N	\N	\N	\N	\N	2025-09-23 17:04:46.342463-04	2025-09-23 17:04:46.342469-04	6
6	Scott Howard	\N	\N	\N	\N	\N	2025-09-23 17:04:46.456189-04	2025-09-23 17:04:46.456194-04	7
7	LeBron James	\N	\N	\N	\N	\N	2025-09-23 17:04:46.660084-04	2025-09-23 17:04:46.660088-04	8
8	Chronos	\N	\N	\N	\N	\N	2025-09-23 17:04:46.685215-04	2025-09-23 17:04:46.685227-04	9
9	Brian Newall	\N	\N	\N	\N	\N	2025-09-23 17:04:46.726153-04	2025-09-23 17:04:46.726157-04	10
\.


--
-- Data for Name: shots; Type: TABLE DATA; Schema: app; Owner: okcapplicant
--

COPY app.shots (shot_id, action_type, points, shot_loc_x, shot_loc_y, shooting_foul_drawn, shot_made, shot_distance, shot_angle, quarter, time_remaining, shot_clock, created_at, game_id, player_id) FROM stdin;
0	pickAndRoll	0	-3.62	25.68	f	f	25.933892881709834	98.02387188893384	\N	\N	\N	2025-09-23 17:04:46.059017-04	0	0
1	pickAndRoll	0	17.04	19.11	f	f	25.603782923622827	48.27725839316282	\N	\N	\N	2025-09-23 17:04:46.060835-04	1	0
2	pickAndRoll	0	13.06	13.33	f	f	18.661524589379077	45.58618115672733	\N	\N	\N	2025-09-23 17:04:46.062611-04	1	0
3	pickAndRoll	0	-9.65	7.56	f	f	12.258715267106908	141.92415195063788	\N	\N	\N	2025-09-23 17:04:46.06417-04	1	0
4	pickAndRoll	0	-3.79	31.490000000000002	f	f	31.717253979498288	96.86286158673917	\N	\N	\N	2025-09-23 17:04:46.065726-04	1	0
5	pickAndRoll	0	2.49	-0.01	f	f	2.4900200802403183	-0.2301022950972138	\N	\N	\N	2025-09-23 17:04:46.067243-04	2	0
6	pickAndRoll	3	19.85	16.21	f	t	25.627848134402548	39.235924105591586	\N	\N	\N	2025-09-23 17:04:46.068718-04	2	0
7	pickAndRoll	2	6.97	14.72	f	t	16.286782984985095	64.66219060387643	\N	\N	\N	2025-09-23 17:04:46.070149-04	2	0
8	pickAndRoll	2	-1.24	1.47	f	t	1.9231484602078956	130.14888390469847	\N	\N	\N	2025-09-23 17:04:46.071715-04	2	0
9	pickAndRoll	0	-7.73	7.73	f	f	10.931870837144025	135	\N	\N	\N	2025-09-23 17:04:46.073314-04	3	0
10	pickAndRoll	3	16.12	9.77	t	t	18.849596812664192	31.219190486787934	\N	\N	\N	2025-09-23 17:04:46.074873-04	3	0
11	pickAndRoll	0	6.97	19.37	f	f	20.58586408193739	70.2095035904975	\N	\N	\N	2025-09-23 17:04:46.07646-04	3	0
12	pickAndRoll	0	-2.93	26.46	f	f	26.621729846123824	96.31880119579334	\N	\N	\N	2025-09-23 17:04:46.078111-04	4	0
13	pickAndRoll	2	-5.01	0.4	f	t	5.025942697643895	175.43516970067546	\N	\N	\N	2025-09-23 17:04:46.079735-04	4	0
93	isolation	0	20.57	15.969999999999999	t	f	26.041616693285384	37.82481222827091	\N	\N	\N	2025-09-23 17:04:46.081363-04	2	0
94	isolation	2	6.81	19.89	t	t	21.02351540537405	71.09966248112312	\N	\N	\N	2025-09-23 17:04:46.083018-04	2	0
95	isolation	2	-0.95	9.7	f	t	9.746409595333041	95.59360344911225	\N	\N	\N	2025-09-23 17:04:46.084671-04	1	0
178	offBallScreen	4	11.63	23.77	f	t	26.46261136018137	63.92878225146544	\N	\N	\N	2025-09-23 17:04:46.086293-04	0	0
179	offBallScreen	3	-19.63	14.739999999999998	f	t	24.548003992178263	143.0974259313836	\N	\N	\N	2025-09-23 17:04:46.08768-04	0	0
180	offBallScreen	0	14.25	21.37	t	f	25.68539273595014	56.303745692971695	\N	\N	\N	2025-09-23 17:04:46.089036-04	1	0
14	pickAndRoll	2	-4.18	1.21	f	t	4.351608897867545	163.85566121971652	\N	\N	\N	2025-09-23 17:04:46.134787-04	5	1
15	pickAndRoll	0	4.44	3.02	f	f	5.369729974589039	34.222760870791866	\N	\N	\N	2025-09-23 17:04:46.136287-04	5	1
16	pickAndRoll	2	-4.03	0.95	f	t	4.140458911763285	166.73570919161997	\N	\N	\N	2025-09-23 17:04:46.137974-04	6	1
17	pickAndRoll	0	-7	10.06	f	f	12.255757830505628	124.83116348618437	\N	\N	\N	2025-09-23 17:04:46.13961-04	5	1
18	pickAndRoll	0	-8.56	2.36	f	f	8.879369346975043	164.58641846249597	\N	\N	\N	2025-09-23 17:04:46.141206-04	5	1
19	pickAndRoll	2	-10.74	2	f	t	10.92463271693836	169.45122340728443	\N	\N	\N	2025-09-23 17:04:46.142871-04	7	1
20	pickAndRoll	0	-11.43	4.52	f	f	12.29126925911234	158.42365209477947	\N	\N	\N	2025-09-23 17:04:46.144563-04	7	1
96	isolation	2	1.74	5.69	f	t	5.95010083948163	72.99638632972977	\N	\N	\N	2025-09-23 17:04:46.146222-04	28	1
97	isolation	2	-4.31	1.7	t	t	4.633152274639805	158.47415927223193	\N	\N	\N	2025-09-23 17:04:46.147918-04	6	1
98	isolation	0	-10.21	3.76	t	f	10.880335472769211	159.7829426358047	\N	\N	\N	2025-09-23 17:04:46.149562-04	6	1
99	isolation	2	-3.2	1.34	t	t	3.4692362271831536	157.27850184678073	\N	\N	\N	2025-09-23 17:04:46.151182-04	6	1
100	isolation	2	-5.3	5.53	f	t	7.659693205344454	133.78337501149048	\N	\N	\N	2025-09-23 17:04:46.152769-04	29	1
101	isolation	0	3.43	2.1	t	f	4.021803078222503	31.476839349583983	\N	\N	\N	2025-09-23 17:04:46.154352-04	29	1
21	pickAndRoll	2	12.31	13.62	f	t	18.35866280533525	47.892160104990445	\N	\N	\N	2025-09-23 17:04:46.177516-04	8	2
22	pickAndRoll	0	-3.49	27.93	f	f	28.147202347657927	97.12249152717368	\N	\N	\N	2025-09-23 17:04:46.179322-04	9	2
23	pickAndRoll	2	2.16	0.92	f	t	2.3477648945326703	23.070412249824653	\N	\N	\N	2025-09-23 17:04:46.181507-04	10	2
24	pickAndRoll	0	-14.16	21.85	f	f	26.037052444545257	122.94545353154875	\N	\N	\N	2025-09-23 17:04:46.183245-04	10	2
102	isolation	0	8.47	16.75	t	f	18.769746934894993	63.17557013002903	\N	\N	\N	2025-09-23 17:04:46.184964-04	9	2
103	isolation	0	-7	16.55	t	f	17.969488028321788	112.92645330775265	\N	\N	\N	2025-09-23 17:04:46.186283-04	9	2
104	isolation	0	-0.27	3.68	t	f	3.689891597323694	94.19624761277734	\N	\N	\N	2025-09-23 17:04:46.187937-04	9	2
105	isolation	0	1.67	19.61	t	f	19.6809806666233	85.13239966901722	\N	\N	\N	2025-09-23 17:04:46.189436-04	10	2
106	isolation	0	2.78	-0.06	t	f	2.7806474066303335	-1.2364076028561433	\N	\N	\N	2025-09-23 17:04:46.191072-04	30	2
107	isolation	2	3.02	0.37	t	t	3.0425811410708508	6.984872039281754	\N	\N	\N	2025-09-23 17:04:46.192747-04	30	2
108	isolation	0	9.8	9.08	t	f	13.35988023898418	42.816049772323694	\N	\N	\N	2025-09-23 17:04:46.194408-04	30	2
168	postUp	0	13.43	-0.05	f	f	13.430093074882244	-0.21331167086260183	\N	\N	\N	2025-09-23 17:04:46.19614-04	30	2
25	pickAndRoll	0	20.61	13.59	f	f	24.687247720229973	33.400404778883654	\N	\N	\N	2025-09-23 17:04:46.216847-04	11	3
26	pickAndRoll	3	6.61	3.13	t	t	7.313617435988842	25.33872331718213	\N	\N	\N	2025-09-23 17:04:46.218541-04	12	3
27	pickAndRoll	0	-2.02	25.28	f	f	25.360575703244596	94.5685163376309	\N	\N	\N	2025-09-23 17:04:46.219863-04	12	3
28	pickAndRoll	3	-12.81	21.97	f	t	25.43181078885261	120.24508536337237	\N	\N	\N	2025-09-23 17:04:46.221547-04	12	3
29	pickAndRoll	3	-19.57	14.82	t	t	24.548264704455182	142.86402479549955	\N	\N	\N	2025-09-23 17:04:46.223195-04	13	3
30	pickAndRoll	3	17.96	17.66	f	t	25.18803684291414	44.51745290709925	\N	\N	\N	2025-09-23 17:04:46.224822-04	13	3
118	isolation	0	2.53	3.9	t	f	4.648752520838252	57.02780145311442	\N	\N	\N	2025-09-23 17:04:46.226488-04	5	3
119	isolation	1	6.55	0.2	f	t	6.553052723731131	1.748946044554231	\N	\N	\N	2025-09-23 17:04:46.228201-04	11	3
120	isolation	2	-0.5	3.27	f	t	3.308005441349817	98.69348861201821	\N	\N	\N	2025-09-23 17:04:46.229911-04	11	3
156	postUp	2	4.87	2.76	t	t	5.597722751262339	29.541750645189733	\N	\N	\N	2025-09-23 17:04:46.231565-04	5	3
183	offBallScreen	2	22.8	4.7	t	t	23.279390026373115	11.647814367296638	\N	\N	\N	2025-09-23 17:04:46.233233-04	17	3
184	offBallScreen	2	-2.51	0.33	t	t	2.531600284405103	172.51004731536756	\N	\N	\N	2025-09-23 17:04:46.23491-04	13	3
185	offBallScreen	2	-0.71	4.94	t	t	4.990761464947008	98.1788094375035	\N	\N	\N	2025-09-23 17:04:46.236613-04	13	3
186	offBallScreen	2	2.86	17.84	t	t	18.067794552739414	80.89218764528168	\N	\N	\N	2025-09-23 17:04:46.238323-04	12	3
187	offBallScreen	0	-9.52	23.08	t	f	24.966313304130427	112.41508672140114	\N	\N	\N	2025-09-23 17:04:46.239985-04	5	3
188	offBallScreen	0	-9.08	22.46	t	f	24.22597779244421	112.01221624756367	\N	\N	\N	2025-09-23 17:04:46.241658-04	17	3
31	pickAndRoll	0	-21.86	9.81	f	f	23.96029423859398	155.8311325104468	\N	\N	\N	2025-09-23 17:04:46.272634-04	14	4
32	pickAndRoll	2	1.21	8.72	f	t	8.803550420143	82.09999994094125	\N	\N	\N	2025-09-23 17:04:46.274336-04	14	4
33	pickAndRoll	0	-2.09	27.32	f	f	27.399826641787353	94.37464834611683	\N	\N	\N	2025-09-23 17:04:46.276064-04	14	4
34	pickAndRoll	2	11.16	11.29	f	t	15.874813384729913	45.33177586127375	\N	\N	\N	2025-09-23 17:04:46.277743-04	15	4
35	pickAndRoll	0	2.88	18.7	f	f	18.920475681123875	81.24462841830638	\N	\N	\N	2025-09-23 17:04:46.279453-04	16	4
36	pickAndRoll	0	11	22.58	f	f	25.116854898653212	64.02665770291085	\N	\N	\N	2025-09-23 17:04:46.28114-04	16	4
37	pickAndRoll	0	-9.65	7.44	f	f	12.18507693861635	142.36833533468914	\N	\N	\N	2025-09-23 17:04:46.282951-04	16	4
38	pickAndRoll	2	-1.35	1.84	f	t	2.282126201593593	126.26733497618525	\N	\N	\N	2025-09-23 17:04:46.28464-04	16	4
39	pickAndRoll	2	1.44	3.06	t	t	3.3818929610500685	64.79887635452492	\N	\N	\N	2025-09-23 17:04:46.2858-04	16	4
40	pickAndRoll	0	7.44	25.82	f	f	26.870541490636175	73.92573128202473	\N	\N	\N	2025-09-23 17:04:46.288543-04	16	4
41	pickAndRoll	0	-3.35	7.96	f	f	8.636208658896566	112.82399975548931	\N	\N	\N	2025-09-23 17:04:46.29021-04	17	4
42	pickAndRoll	2	-2.46	0.29	f	t	2.477034517321065	173.2766500369481	\N	\N	\N	2025-09-23 17:04:46.291885-04	17	4
43	pickAndRoll	2	9.59	12.3	f	t	15.596733632398804	52.05735561615313	\N	\N	\N	2025-09-23 17:04:46.29358-04	17	4
44	pickAndRoll	0	-1.74	3.91	f	f	4.279684567815718	113.989675582034	\N	\N	\N	2025-09-23 17:04:46.295265-04	18	4
45	pickAndRoll	0	-3.39	6.65	f	f	7.464221325764664	117.01132443709339	\N	\N	\N	2025-09-23 17:04:46.296944-04	18	4
46	pickAndRoll	2	4.16	2.52	f	t	4.863743414284928	31.206191387823456	\N	\N	\N	2025-09-23 17:04:46.298606-04	18	4
47	pickAndRoll	3	10.08	23.34	f	t	25.423650406658755	66.64161380038178	\N	\N	\N	2025-09-23 17:04:46.300293-04	17	4
48	pickAndRoll	0	15.75	22.57	f	f	27.522125644651794	55.09154852313461	\N	\N	\N	2025-09-23 17:04:46.301979-04	18	4
49	pickAndRoll	3	-4.92	24.89	f	t	25.37160814769139	101.18149660613805	\N	\N	\N	2025-09-23 17:04:46.303409-04	18	4
121	isolation	3	-11.92	24.84	t	t	27.551987224154992	115.63500658035956	\N	\N	\N	2025-09-23 17:04:46.305066-04	15	4
122	isolation	0	5.18	24.36	t	f	24.90465819881895	77.9952244422789	\N	\N	\N	2025-09-23 17:04:46.306745-04	18	4
189	offBallScreen	2	8.58	12.23	t	t	14.939521411343804	54.94828362811203	\N	\N	\N	2025-09-23 17:04:46.308428-04	17	4
190	offBallScreen	0	-2.09	27.32	t	f	27.399826641787353	94.37464834611683	\N	\N	\N	2025-09-23 17:04:46.31008-04	14	4
50	pickAndRoll	0	7.07	11.24	f	f	13.278648274579758	57.829961057563004	\N	\N	\N	2025-09-23 17:04:46.344422-04	19	5
51	pickAndRoll	0	0.59	9.43	f	f	9.448439024516166	86.41988297633098	\N	\N	\N	2025-09-23 17:04:46.346389-04	19	5
52	pickAndRoll	0	0.08	10.81	f	f	10.810296018148625	89.575987170756	\N	\N	\N	2025-09-23 17:04:46.348167-04	20	5
53	pickAndRoll	2	-3.55	6.83	f	t	7.69749309840548	117.46386532312111	\N	\N	\N	2025-09-23 17:04:46.349946-04	20	5
54	pickAndRoll	0	12.56	10.69	f	f	16.493322891400627	40.40159294716891	\N	\N	\N	2025-09-23 17:04:46.351598-04	20	5
55	pickAndRoll	2	3.44	13.78	f	t	14.202887030459687	75.9833247620207	\N	\N	\N	2025-09-23 17:04:46.353278-04	21	5
56	pickAndRoll	0	-9	6.26	f	f	10.963010535432318	145.17924152278226	\N	\N	\N	2025-09-23 17:04:46.355-04	21	5
57	pickAndRoll	2	8.05	11.02	f	t	13.647083937603668	53.85224453791579	\N	\N	\N	2025-09-23 17:04:46.356739-04	21	5
58	pickAndRoll	2	13.84	3.1	f	t	14.18293340603417	12.62520614597567	\N	\N	\N	2025-09-23 17:04:46.358532-04	21	5
59	pickAndRoll	0	2.73	3.11	f	f	4.138236339311712	48.722901813588024	\N	\N	\N	2025-09-23 17:04:46.360363-04	21	5
60	pickAndRoll	0	-7.56	14.81	f	f	16.627979432270177	117.04276177615004	\N	\N	\N	2025-09-23 17:04:46.36227-04	22	5
61	pickAndRoll	2	-4.21	6.14	f	t	7.444709530935374	124.43717580688887	\N	\N	\N	2025-09-23 17:04:46.364016-04	22	5
62	pickAndRoll	0	-6.33	0.26	f	f	6.335337402222552	177.64794097128674	\N	\N	\N	2025-09-23 17:04:46.365706-04	22	5
63	pickAndRoll	0	2.64	6.67	f	f	7.173458022460298	68.4062367474975	\N	\N	\N	2025-09-23 17:04:46.367169-04	22	5
64	pickAndRoll	0	2.94	-0.3	f	f	2.9552664854459403	-5.826342029555775	\N	\N	\N	2025-09-23 17:04:46.368758-04	22	5
65	pickAndRoll	2	-4.59	8.31	f	t	9.493376638478008	118.91391492937929	\N	\N	\N	2025-09-23 17:04:46.370507-04	23	5
66	pickAndRoll	3	4.48	3.68	t	t	5.797654698237901	39.40066066347943	\N	\N	\N	2025-09-23 17:04:46.372283-04	23	5
123	isolation	0	0.23	11.7	t	f	11.702260465397272	88.87381776339438	\N	\N	\N	2025-09-23 17:04:46.373674-04	20	5
124	isolation	2	-3.03	2.08	t	t	3.675227884090999	145.53162259118304	\N	\N	\N	2025-09-23 17:04:46.375337-04	20	5
125	isolation	0	13.96	-0.69	t	f	13.977041890185491	-2.829651916870599	\N	\N	\N	2025-09-23 17:04:46.37703-04	19	5
126	isolation	0	6.69	10.57	t	f	12.509236587418114	57.66932436063328	\N	\N	\N	2025-09-23 17:04:46.378823-04	19	5
127	isolation	2	-5.05	0.73	t	t	5.102489588426418	171.7746165038875	\N	\N	\N	2025-09-23 17:04:46.380567-04	19	5
128	isolation	0	-12.62	22.35	t	f	25.666844371679197	119.45138593582921	\N	\N	\N	2025-09-23 17:04:46.38224-04	19	5
129	isolation	0	-7.37	6.54	t	f	9.85334968424444	138.41475039452686	\N	\N	\N	2025-09-23 17:04:46.383958-04	21	5
130	isolation	0	4.28	1.39	t	f	4.500055555212624	17.992052813466596	\N	\N	\N	2025-09-23 17:04:46.385563-04	21	5
131	isolation	0	-4.05	1.3	t	f	4.253527947480773	162.20401107606963	\N	\N	\N	2025-09-23 17:04:46.38695-04	21	5
132	isolation	0	2.33	3.27	t	f	4.015196134686325	54.52867513668705	\N	\N	\N	2025-09-23 17:04:46.3885-04	21	5
133	isolation	0	-7.39	10.04	t	f	12.466503118356806	126.35514113613245	\N	\N	\N	2025-09-23 17:04:46.390196-04	23	5
134	isolation	2	-6.07	7.12	t	t	9.356243904473633	130.4485239742582	\N	\N	\N	2025-09-23 17:04:46.391887-04	23	5
135	isolation	0	-7.78	13.87	t	f	15.902996572973283	119.28906301315536	\N	\N	\N	2025-09-23 17:04:46.393637-04	22	5
136	isolation	0	13.21	22.17	t	f	25.807227669782744	59.21138951046611	\N	\N	\N	2025-09-23 17:04:46.395584-04	22	5
158	postUp	0	10.26	-5.01	f	f	11.41786757674129	-26.026446318815083	\N	\N	\N	2025-09-23 17:04:46.396982-04	20	5
67	pickAndRoll	2	-6.27	0.99	f	t	6.3476767403515435	171.0273733851036	\N	\N	\N	2025-09-23 17:04:46.458031-04	24	6
68	pickAndRoll	3	-4.57	28.82	f	t	29.180083961496752	99.01039574555823	\N	\N	\N	2025-09-23 17:04:46.459597-04	24	6
69	pickAndRoll	2	-3.13	2.41	f	t	3.950316443020736	142.40487805509673	\N	\N	\N	2025-09-23 17:04:46.461181-04	24	6
70	pickAndRoll	2	-10.69	13.03	f	t	16.853990625368223	129.36594789338227	\N	\N	\N	2025-09-23 17:04:46.462901-04	24	6
71	pickAndRoll	0	-0.99	28.57	f	f	28.587147461752807	91.98460395139658	\N	\N	\N	2025-09-23 17:04:46.4646-04	24	6
72	pickAndRoll	3	20.83	15.98	f	t	26.253557854127124	37.4940765536948	\N	\N	\N	2025-09-23 17:04:46.46629-04	25	6
73	pickAndRoll	2	-9.23	1.55	f	t	9.359241422252127	170.4672280722361	\N	\N	\N	2025-09-23 17:04:46.467975-04	26	6
74	pickAndRoll	0	-6.29	29.159999999999997	f	f	29.830683867454326	102.17256263457467	\N	\N	\N	2025-09-23 17:04:46.470077-04	26	6
75	pickAndRoll	0	7.07	1.32	f	f	7.192169352844801	10.575611723537417	\N	\N	\N	2025-09-23 17:04:46.471464-04	26	6
76	pickAndRoll	2	4.05	2.69	f	t	4.861954339563464	33.59201437667235	\N	\N	\N	2025-09-23 17:04:46.472743-04	25	6
77	pickAndRoll	0	23.69	16.63	f	f	28.944308594264264	35.068239384220874	\N	\N	\N	2025-09-23 17:04:46.474039-04	26	6
78	pickAndRoll	3	21.54	15.870000000000001	f	t	26.754971500638902	36.38162966743842	\N	\N	\N	2025-09-23 17:04:46.475674-04	25	6
79	pickAndRoll	2	-9.03	6.71	f	t	11.25011111056242	143.38474858642886	\N	\N	\N	2025-09-23 17:04:46.477036-04	26	6
80	pickAndRoll	3	-7.34	7.04	t	t	10.17040805474392	136.19514887251498	\N	\N	\N	2025-09-23 17:04:46.478805-04	26	6
81	pickAndRoll	3	24.12	10.870000000000001	f	t	26.456214770824644	24.259344248697683	\N	\N	\N	2025-09-23 17:04:46.480314-04	26	6
82	pickAndRoll	2	-1.59	1.54	f	t	2.2135265979879257	135.91519020171555	\N	\N	\N	2025-09-23 17:04:46.482057-04	25	6
83	pickAndRoll	2	-2.85	2.87	f	t	4.044675512324814	134.79966592299218	\N	\N	\N	2025-09-23 17:04:46.483544-04	25	6
84	pickAndRoll	3	20.87	16.85	f	t	26.823113167565023	38.91667844125296	\N	\N	\N	2025-09-23 17:04:46.484922-04	25	6
85	pickAndRoll	0	-1.26	3.04	f	f	3.290774984711048	112.51272009020964	\N	\N	\N	2025-09-23 17:04:46.486354-04	27	6
86	pickAndRoll	3	-12.55	23.56	f	t	26.694121075622625	118.04344764947211	\N	\N	\N	2025-09-23 17:04:46.501512-04	27	6
87	pickAndRoll	0	13.19	10.41	f	f	16.8031009042974	38.28171165633528	\N	\N	\N	2025-09-23 17:04:46.532454-04	27	6
88	pickAndRoll	0	4.46	0.71	f	f	4.516159873166583	9.045177925796786	\N	\N	\N	2025-09-23 17:04:46.542062-04	27	6
89	pickAndRoll	2	7.11	8.45	f	t	11.043305664519115	49.92206841313526	\N	\N	\N	2025-09-23 17:04:46.543586-04	27	6
90	pickAndRoll	0	8.12	2.62	f	f	8.532221281706189	17.88281978088842	\N	\N	\N	2025-09-23 17:04:46.544972-04	23	6
91	pickAndRoll	2	3.71	1.62	f	t	4.048271235972215	23.588857384149815	\N	\N	\N	2025-09-23 17:04:46.54655-04	23	6
92	pickAndRoll	0	20.92	17.39	f	f	27.204016247605797	39.73545815755614	\N	\N	\N	2025-09-23 17:04:46.547969-04	23	6
137	isolation	0	-8.15	26.22	t	f	27.457437972250798	107.26688662001648	\N	\N	\N	2025-09-23 17:04:46.549174-04	26	6
138	isolation	2	-5.31	1.59	t	t	5.542941457385239	163.33045808554007	\N	\N	\N	2025-09-23 17:04:46.550706-04	24	6
139	isolation	3	-4.57	28.82	t	t	29.180083961496752	99.01039574555823	\N	\N	\N	2025-09-23 17:04:46.552164-04	24	6
140	isolation	2	-3.61	4.01	t	t	5.395572258806289	131.99510556361534	\N	\N	\N	2025-09-23 17:04:46.553519-04	24	6
141	isolation	0	-9.67	28.340000000000003	t	f	29.944356730442554	108.8403509947231	\N	\N	\N	2025-09-23 17:04:46.554983-04	24	6
142	isolation	0	-4.49	2.52	t	f	5.148834819646092	150.69680230356687	\N	\N	\N	2025-09-23 17:04:46.556262-04	25	6
143	isolation	0	-2.23	28.35	t	f	28.437570219693526	94.49760298289094	\N	\N	\N	2025-09-23 17:04:46.557677-04	25	6
144	isolation	2	-4.18	8.56	f	t	9.526069493762892	116.02707844696572	\N	\N	\N	2025-09-23 17:04:46.559139-04	23	6
145	isolation	2	0.19	6.65	f	t	6.652713732004407	88.36342295838328	\N	\N	\N	2025-09-23 17:04:46.560398-04	23	6
146	isolation	2	-3.47	3.48	t	t	4.914397216343017	134.91756008636895	\N	\N	\N	2025-09-23 17:04:46.56167-04	27	6
147	isolation	2	-0.97	2.28	f	t	2.477761086142084	113.04677375312016	\N	\N	\N	2025-09-23 17:04:46.5631-04	27	6
148	isolation	0	-4.16	0.47	t	f	4.186466290321708	173.55401294921586	\N	\N	\N	2025-09-23 17:04:46.56432-04	27	6
149	isolation	3	-12.55	23.56	t	t	26.694121075622625	118.04344764947211	\N	\N	\N	2025-09-23 17:04:46.565534-04	27	6
150	isolation	0	13.64	11.31	t	f	17.719077289746213	39.66480567684669	\N	\N	\N	2025-09-23 17:04:46.56684-04	27	6
151	isolation	0	-17.87	21.34	t	f	27.834016957672496	129.9426231577831	\N	\N	\N	2025-09-23 17:04:46.568238-04	27	6
152	isolation	0	-4.62	11.3	t	f	12.207964613316996	112.23717671144838	\N	\N	\N	2025-09-23 17:04:46.569433-04	27	6
153	isolation	0	3.67	2.9	t	f	4.677488642423411	38.3154638085943	\N	\N	\N	2025-09-23 17:04:46.570904-04	23	6
154	postUp	2	2.94	6.62	f	t	7.243479826713125	66.05357376105738	\N	\N	\N	2025-09-23 17:04:46.572054-04	26	6
155	postUp	0	13.83	8.19	f	f	16.07311419731721	30.6336308539234	\N	\N	\N	2025-09-23 17:04:46.573257-04	26	6
161	postUp	2	-15.88	6.58	f	t	17.18926409128675	157.492952157505	\N	\N	\N	2025-09-23 17:04:46.574539-04	24	6
166	postUp	2	-6.61	2.95	f	t	7.238411427930855	155.94910408553272	\N	\N	\N	2025-09-23 17:04:46.575819-04	24	6
167	postUp	0	8.75	0.67	f	f	8.775613938637	4.378675368217349	\N	\N	\N	2025-09-23 17:04:46.577213-04	23	6
170	postUp	2	-1.2	5.39	f	t	5.521965229879666	102.55131636229062	\N	\N	\N	2025-09-23 17:04:46.579823-04	27	6
171	postUp	0	4.72	2.11	f	f	5.170154736562534	24.086262068499657	\N	\N	\N	2025-09-23 17:04:46.581666-04	27	6
175	postUp	2	17.32	4.5	f	t	17.89503841851143	14.564300216826659	\N	\N	\N	2025-09-23 17:04:46.583151-04	25	6
176	postUp	2	-16.13	7.55	t	t	17.809531156097286	154.91702593710673	\N	\N	\N	2025-09-23 17:04:46.584414-04	25	6
177	postUp	2	7.9	8.59	f	t	11.670394166436711	47.396060576042075	\N	\N	\N	2025-09-23 17:04:46.58581-04	27	6
191	offBallScreen	2	-3	2.38	t	t	3.8294124875756075	141.57386002428584	\N	\N	\N	2025-09-23 17:04:46.587165-04	25	6
109	isolation	0	-11.67	13.86	t	f	18.11873339944048	130.09708833681162	\N	\N	\N	2025-09-23 17:04:46.661353-04	8	7
110	isolation	3	-0.56	25.78	t	t	25.786081516973454	91.24439842307618	\N	\N	\N	2025-09-23 17:04:46.662783-04	8	7
111	isolation	2	2.82	16.04	t	t	16.28600626304681	80.02870383981623	\N	\N	\N	2025-09-23 17:04:46.66414-04	31	7
112	isolation	2	3.53	4.38	f	t	5.625415540206785	51.13340609913991	\N	\N	\N	2025-09-23 17:04:46.665304-04	31	7
113	isolation	2	-0.42	3.81	t	t	3.8330797017541913	96.290670773355	\N	\N	\N	2025-09-23 17:04:46.666575-04	32	7
114	isolation	0	10.97	2.44	t	f	11.238082576667606	12.539867602752793	\N	\N	\N	2025-09-23 17:04:46.667775-04	11	7
115	isolation	2	1.28	12.87	f	t	12.933495273900244	84.3202631802275	\N	\N	\N	2025-09-23 17:04:46.668912-04	33	7
159	postUp	2	3.52	0.48	f	t	3.5525765297879226	7.765166018425333	\N	\N	\N	2025-09-23 17:04:46.670193-04	33	7
160	postUp	2	0.25	14.52	f	t	14.522152044376893	89.01359988287113	\N	\N	\N	2025-09-23 17:04:46.671318-04	33	7
164	postUp	2	2.49	0.18	t	t	2.496497546563986	4.134671373736422	\N	\N	\N	2025-09-23 17:04:46.672453-04	8	7
165	postUp	0	1.81	11.18	f	f	11.325568418406203	80.80381972226962	\N	\N	\N	2025-09-23 17:04:46.673581-04	8	7
172	postUp	0	-3	9.81	f	f	10.258464797424613	107.00417687615544	\N	\N	\N	2025-09-23 17:04:46.674697-04	32	7
174	postUp	0	0.5	5.53	f	f	5.552557969080557	84.83359772276086	\N	\N	\N	2025-09-23 17:04:46.675891-04	31	7
116	isolation	0	1.91	7.61	t	f	7.846030843681409	75.91062290324341	\N	\N	\N	2025-09-23 17:04:46.686436-04	0	8
157	postUp	0	-7.63	3.83	f	f	8.537318080053009	153.34490838445134	\N	\N	\N	2025-09-23 17:04:46.687574-04	35	8
162	postUp	2	-3.1	4.75	f	t	5.672080746956976	123.1297354684121	\N	\N	\N	2025-09-23 17:04:46.688731-04	36	8
163	postUp	2	-2.39	2.05	t	t	3.1487457820535463	139.3789686077524	\N	\N	\N	2025-09-23 17:04:46.689881-04	36	8
169	postUp	2	-0.45	4.88	f	t	4.90070403105513	95.26852279892616	\N	\N	\N	2025-09-23 17:04:46.690988-04	20	8
173	postUp	0	-0.49	4.35	f	f	4.377510708153665	96.42691586663229	\N	\N	\N	2025-09-23 17:04:46.692132-04	0	8
181	offBallScreen	0	15.36	20.31	t	f	25.464204287587705	52.90059645353007	\N	\N	\N	2025-09-23 17:04:46.69322-04	0	8
182	offBallScreen	0	-4.75	25.5	t	f	25.93862949347941	100.55180950619228	\N	\N	\N	2025-09-23 17:04:46.6943-04	35	8
117	isolation	0	2.19	1.25	f	f	2.521626459252044	29.716698426852613	\N	\N	\N	2025-09-23 17:04:46.727329-04	34	9
\.


--
-- Data for Name: teams; Type: TABLE DATA; Schema: app; Owner: okcapplicant
--

COPY app.teams (team_id, name, abbreviation, city, conference, division, created_at, updated_at) FROM stdin;
1	Tune Squad					2025-09-23 17:04:45.95058-04	2025-09-23 17:04:45.950683-04
2	Monstars					2025-09-23 17:04:45.952373-04	2025-09-23 17:04:45.952383-04
3	Timberwolves					2025-09-23 17:04:45.953789-04	2025-09-23 17:04:45.953793-04
4	Harlem Buckets					2025-09-23 17:04:45.955115-04	2025-09-23 17:04:45.955118-04
5	P.U.					2025-09-23 17:04:45.956331-04	2025-09-23 17:04:45.956335-04
6	Cadwallader University					2025-09-23 17:04:45.95767-04	2025-09-23 17:04:45.957673-04
7	Beavers					2025-09-23 17:04:45.958885-04	2025-09-23 17:04:45.958888-04
8	Digital Tune Squad					2025-09-23 17:04:45.959706-04	2025-09-23 17:04:45.959709-04
9	Goon Squad					2025-09-23 17:04:45.960989-04	2025-09-23 17:04:45.960992-04
10	Eagles					2025-09-23 17:04:45.962204-04	2025-09-23 17:04:45.962207-04
\.


--
-- Data for Name: turnovers; Type: TABLE DATA; Schema: app; Owner: okcapplicant
--

COPY app.turnovers (turnover_id, action_type, tov_loc_x, tov_loc_y, turnover_type, quarter, time_remaining, created_at, forced_by_id, game_id, player_id) FROM stdin;
0	pickAndRoll	-12.06	9.4	\N	\N	\N	2025-09-23 17:04:46.126532-04	\N	2	0
11	postUp	4.89	0.39	\N	\N	\N	2025-09-23 17:04:46.172434-04	\N	29	1
1	pickAndRoll	1.78	9.58	\N	\N	\N	2025-09-23 17:04:46.209468-04	\N	38	2
12	postUp	3.73	4.5	\N	\N	\N	2025-09-23 17:04:46.211083-04	\N	38	2
3	pickAndRoll	-23.87	26.84	\N	\N	\N	2025-09-23 17:04:46.265251-04	\N	17	3
10	postUp	-4.58	12.84	\N	\N	\N	2025-09-23 17:04:46.266827-04	\N	5	3
4	pickAndRoll	-6.17	26.09	\N	\N	\N	2025-09-23 17:04:46.337385-04	\N	16	4
5	pickAndRoll	1.42	26.22	\N	\N	\N	2025-09-23 17:04:46.338773-04	\N	16	4
6	pickAndRoll	-23.05	27.65	\N	\N	\N	2025-09-23 17:04:46.449921-04	\N	19	5
9	isolation	-9.14	9.86	\N	\N	\N	2025-09-23 17:04:46.451475-04	\N	20	5
7	pickAndRoll	-5.2	5.03	\N	\N	\N	2025-09-23 17:04:46.65531-04	\N	26	6
8	pickAndRoll	11.48	16.83	\N	\N	\N	2025-09-23 17:04:46.656443-04	\N	24	6
2	pickAndRoll	7.61	24.29	\N	\N	\N	2025-09-23 17:04:46.721177-04	\N	35	8
13	offBallScreen	-8.61	-1.67	\N	\N	\N	2025-09-23 17:04:46.722586-04	\N	36	8
\.


--
-- Name: auth_group_id_seq; Type: SEQUENCE SET; Schema: app; Owner: okcapplicant
--

SELECT pg_catalog.setval('app.auth_group_id_seq', 1, false);


--
-- Name: auth_group_permissions_id_seq; Type: SEQUENCE SET; Schema: app; Owner: okcapplicant
--

SELECT pg_catalog.setval('app.auth_group_permissions_id_seq', 1, false);


--
-- Name: auth_permission_id_seq; Type: SEQUENCE SET; Schema: app; Owner: okcapplicant
--

SELECT pg_catalog.setval('app.auth_permission_id_seq', 60, true);


--
-- Name: auth_user_groups_id_seq; Type: SEQUENCE SET; Schema: app; Owner: okcapplicant
--

SELECT pg_catalog.setval('app.auth_user_groups_id_seq', 1, false);


--
-- Name: auth_user_id_seq; Type: SEQUENCE SET; Schema: app; Owner: okcapplicant
--

SELECT pg_catalog.setval('app.auth_user_id_seq', 1, false);


--
-- Name: auth_user_user_permissions_id_seq; Type: SEQUENCE SET; Schema: app; Owner: okcapplicant
--

SELECT pg_catalog.setval('app.auth_user_user_permissions_id_seq', 1, false);


--
-- Name: django_admin_log_id_seq; Type: SEQUENCE SET; Schema: app; Owner: okcapplicant
--

SELECT pg_catalog.setval('app.django_admin_log_id_seq', 1, false);


--
-- Name: django_content_type_id_seq; Type: SEQUENCE SET; Schema: app; Owner: okcapplicant
--

SELECT pg_catalog.setval('app.django_content_type_id_seq', 15, true);


--
-- Name: django_migrations_id_seq; Type: SEQUENCE SET; Schema: app; Owner: okcapplicant
--

SELECT pg_catalog.setval('app.django_migrations_id_seq', 19, true);


--
-- Name: passes_pass_id_seq; Type: SEQUENCE SET; Schema: app; Owner: okcapplicant
--

SELECT pg_catalog.setval('app.passes_pass_id_seq', 1, false);


--
-- Name: player_game_stats_id_seq; Type: SEQUENCE SET; Schema: app; Owner: okcapplicant
--

SELECT pg_catalog.setval('app.player_game_stats_id_seq', 62, true);


--
-- Name: player_season_stats_id_seq; Type: SEQUENCE SET; Schema: app; Owner: okcapplicant
--

SELECT pg_catalog.setval('app.player_season_stats_id_seq', 1, false);


--
-- Name: shots_shot_id_seq; Type: SEQUENCE SET; Schema: app; Owner: okcapplicant
--

SELECT pg_catalog.setval('app.shots_shot_id_seq', 1, false);


--
-- Name: turnovers_turnover_id_seq; Type: SEQUENCE SET; Schema: app; Owner: okcapplicant
--

SELECT pg_catalog.setval('app.turnovers_turnover_id_seq', 1, false);


--
-- Name: action_types action_types_pkey; Type: CONSTRAINT; Schema: app; Owner: okcapplicant
--

ALTER TABLE ONLY app.action_types
    ADD CONSTRAINT action_types_pkey PRIMARY KEY (action_type);


--
-- Name: auth_group auth_group_name_key; Type: CONSTRAINT; Schema: app; Owner: okcapplicant
--

ALTER TABLE ONLY app.auth_group
    ADD CONSTRAINT auth_group_name_key UNIQUE (name);


--
-- Name: auth_group_permissions auth_group_permissions_group_id_permission_id_0cd325b0_uniq; Type: CONSTRAINT; Schema: app; Owner: okcapplicant
--

ALTER TABLE ONLY app.auth_group_permissions
    ADD CONSTRAINT auth_group_permissions_group_id_permission_id_0cd325b0_uniq UNIQUE (group_id, permission_id);


--
-- Name: auth_group_permissions auth_group_permissions_pkey; Type: CONSTRAINT; Schema: app; Owner: okcapplicant
--

ALTER TABLE ONLY app.auth_group_permissions
    ADD CONSTRAINT auth_group_permissions_pkey PRIMARY KEY (id);


--
-- Name: auth_group auth_group_pkey; Type: CONSTRAINT; Schema: app; Owner: okcapplicant
--

ALTER TABLE ONLY app.auth_group
    ADD CONSTRAINT auth_group_pkey PRIMARY KEY (id);


--
-- Name: auth_permission auth_permission_content_type_id_codename_01ab375a_uniq; Type: CONSTRAINT; Schema: app; Owner: okcapplicant
--

ALTER TABLE ONLY app.auth_permission
    ADD CONSTRAINT auth_permission_content_type_id_codename_01ab375a_uniq UNIQUE (content_type_id, codename);


--
-- Name: auth_permission auth_permission_pkey; Type: CONSTRAINT; Schema: app; Owner: okcapplicant
--

ALTER TABLE ONLY app.auth_permission
    ADD CONSTRAINT auth_permission_pkey PRIMARY KEY (id);


--
-- Name: auth_user_groups auth_user_groups_pkey; Type: CONSTRAINT; Schema: app; Owner: okcapplicant
--

ALTER TABLE ONLY app.auth_user_groups
    ADD CONSTRAINT auth_user_groups_pkey PRIMARY KEY (id);


--
-- Name: auth_user_groups auth_user_groups_user_id_group_id_94350c0c_uniq; Type: CONSTRAINT; Schema: app; Owner: okcapplicant
--

ALTER TABLE ONLY app.auth_user_groups
    ADD CONSTRAINT auth_user_groups_user_id_group_id_94350c0c_uniq UNIQUE (user_id, group_id);


--
-- Name: auth_user auth_user_pkey; Type: CONSTRAINT; Schema: app; Owner: okcapplicant
--

ALTER TABLE ONLY app.auth_user
    ADD CONSTRAINT auth_user_pkey PRIMARY KEY (id);


--
-- Name: auth_user_user_permissions auth_user_user_permissions_pkey; Type: CONSTRAINT; Schema: app; Owner: okcapplicant
--

ALTER TABLE ONLY app.auth_user_user_permissions
    ADD CONSTRAINT auth_user_user_permissions_pkey PRIMARY KEY (id);


--
-- Name: auth_user_user_permissions auth_user_user_permissions_user_id_permission_id_14a6b632_uniq; Type: CONSTRAINT; Schema: app; Owner: okcapplicant
--

ALTER TABLE ONLY app.auth_user_user_permissions
    ADD CONSTRAINT auth_user_user_permissions_user_id_permission_id_14a6b632_uniq UNIQUE (user_id, permission_id);


--
-- Name: auth_user auth_user_username_key; Type: CONSTRAINT; Schema: app; Owner: okcapplicant
--

ALTER TABLE ONLY app.auth_user
    ADD CONSTRAINT auth_user_username_key UNIQUE (username);


--
-- Name: django_admin_log django_admin_log_pkey; Type: CONSTRAINT; Schema: app; Owner: okcapplicant
--

ALTER TABLE ONLY app.django_admin_log
    ADD CONSTRAINT django_admin_log_pkey PRIMARY KEY (id);


--
-- Name: django_content_type django_content_type_app_label_model_76bd3d3b_uniq; Type: CONSTRAINT; Schema: app; Owner: okcapplicant
--

ALTER TABLE ONLY app.django_content_type
    ADD CONSTRAINT django_content_type_app_label_model_76bd3d3b_uniq UNIQUE (app_label, model);


--
-- Name: django_content_type django_content_type_pkey; Type: CONSTRAINT; Schema: app; Owner: okcapplicant
--

ALTER TABLE ONLY app.django_content_type
    ADD CONSTRAINT django_content_type_pkey PRIMARY KEY (id);


--
-- Name: django_migrations django_migrations_pkey; Type: CONSTRAINT; Schema: app; Owner: okcapplicant
--

ALTER TABLE ONLY app.django_migrations
    ADD CONSTRAINT django_migrations_pkey PRIMARY KEY (id);


--
-- Name: django_session django_session_pkey; Type: CONSTRAINT; Schema: app; Owner: okcapplicant
--

ALTER TABLE ONLY app.django_session
    ADD CONSTRAINT django_session_pkey PRIMARY KEY (session_key);


--
-- Name: games games_pkey; Type: CONSTRAINT; Schema: app; Owner: okcapplicant
--

ALTER TABLE ONLY app.games
    ADD CONSTRAINT games_pkey PRIMARY KEY (game_id);


--
-- Name: passes passes_pkey; Type: CONSTRAINT; Schema: app; Owner: okcapplicant
--

ALTER TABLE ONLY app.passes
    ADD CONSTRAINT passes_pkey PRIMARY KEY (pass_id);


--
-- Name: player_game_stats player_game_stats_pkey; Type: CONSTRAINT; Schema: app; Owner: okcapplicant
--

ALTER TABLE ONLY app.player_game_stats
    ADD CONSTRAINT player_game_stats_pkey PRIMARY KEY (id);


--
-- Name: player_game_stats player_game_stats_player_id_game_id_8549f823_uniq; Type: CONSTRAINT; Schema: app; Owner: okcapplicant
--

ALTER TABLE ONLY app.player_game_stats
    ADD CONSTRAINT player_game_stats_player_id_game_id_8549f823_uniq UNIQUE (player_id, game_id);


--
-- Name: player_season_stats player_season_stats_pkey; Type: CONSTRAINT; Schema: app; Owner: okcapplicant
--

ALTER TABLE ONLY app.player_season_stats
    ADD CONSTRAINT player_season_stats_pkey PRIMARY KEY (id);


--
-- Name: player_season_stats player_season_stats_player_id_season_f93a84af_uniq; Type: CONSTRAINT; Schema: app; Owner: okcapplicant
--

ALTER TABLE ONLY app.player_season_stats
    ADD CONSTRAINT player_season_stats_player_id_season_f93a84af_uniq UNIQUE (player_id, season);


--
-- Name: players players_pkey; Type: CONSTRAINT; Schema: app; Owner: okcapplicant
--

ALTER TABLE ONLY app.players
    ADD CONSTRAINT players_pkey PRIMARY KEY (player_id);


--
-- Name: players players_player_id_team_id_6854591e_uniq; Type: CONSTRAINT; Schema: app; Owner: okcapplicant
--

ALTER TABLE ONLY app.players
    ADD CONSTRAINT players_player_id_team_id_6854591e_uniq UNIQUE (player_id, team_id);


--
-- Name: shots shots_pkey; Type: CONSTRAINT; Schema: app; Owner: okcapplicant
--

ALTER TABLE ONLY app.shots
    ADD CONSTRAINT shots_pkey PRIMARY KEY (shot_id);


--
-- Name: teams teams_name_key; Type: CONSTRAINT; Schema: app; Owner: okcapplicant
--

ALTER TABLE ONLY app.teams
    ADD CONSTRAINT teams_name_key UNIQUE (name);


--
-- Name: teams teams_pkey; Type: CONSTRAINT; Schema: app; Owner: okcapplicant
--

ALTER TABLE ONLY app.teams
    ADD CONSTRAINT teams_pkey PRIMARY KEY (team_id);


--
-- Name: turnovers turnovers_pkey; Type: CONSTRAINT; Schema: app; Owner: okcapplicant
--

ALTER TABLE ONLY app.turnovers
    ADD CONSTRAINT turnovers_pkey PRIMARY KEY (turnover_id);


--
-- Name: action_types_action_type_0f5db6d8_like; Type: INDEX; Schema: app; Owner: okcapplicant
--

CREATE INDEX action_types_action_type_0f5db6d8_like ON app.action_types USING btree (action_type varchar_pattern_ops);


--
-- Name: auth_group_name_a6ea08ec_like; Type: INDEX; Schema: app; Owner: okcapplicant
--

CREATE INDEX auth_group_name_a6ea08ec_like ON app.auth_group USING btree (name varchar_pattern_ops);


--
-- Name: auth_group_permissions_group_id_b120cbf9; Type: INDEX; Schema: app; Owner: okcapplicant
--

CREATE INDEX auth_group_permissions_group_id_b120cbf9 ON app.auth_group_permissions USING btree (group_id);


--
-- Name: auth_group_permissions_permission_id_84c5c92e; Type: INDEX; Schema: app; Owner: okcapplicant
--

CREATE INDEX auth_group_permissions_permission_id_84c5c92e ON app.auth_group_permissions USING btree (permission_id);


--
-- Name: auth_permission_content_type_id_2f476e4b; Type: INDEX; Schema: app; Owner: okcapplicant
--

CREATE INDEX auth_permission_content_type_id_2f476e4b ON app.auth_permission USING btree (content_type_id);


--
-- Name: auth_user_groups_group_id_97559544; Type: INDEX; Schema: app; Owner: okcapplicant
--

CREATE INDEX auth_user_groups_group_id_97559544 ON app.auth_user_groups USING btree (group_id);


--
-- Name: auth_user_groups_user_id_6a12ed8b; Type: INDEX; Schema: app; Owner: okcapplicant
--

CREATE INDEX auth_user_groups_user_id_6a12ed8b ON app.auth_user_groups USING btree (user_id);


--
-- Name: auth_user_user_permissions_permission_id_1fbb5f2c; Type: INDEX; Schema: app; Owner: okcapplicant
--

CREATE INDEX auth_user_user_permissions_permission_id_1fbb5f2c ON app.auth_user_user_permissions USING btree (permission_id);


--
-- Name: auth_user_user_permissions_user_id_a95ead1b; Type: INDEX; Schema: app; Owner: okcapplicant
--

CREATE INDEX auth_user_user_permissions_user_id_a95ead1b ON app.auth_user_user_permissions USING btree (user_id);


--
-- Name: auth_user_username_6821ab7c_like; Type: INDEX; Schema: app; Owner: okcapplicant
--

CREATE INDEX auth_user_username_6821ab7c_like ON app.auth_user USING btree (username varchar_pattern_ops);


--
-- Name: django_admin_log_content_type_id_c4bce8eb; Type: INDEX; Schema: app; Owner: okcapplicant
--

CREATE INDEX django_admin_log_content_type_id_c4bce8eb ON app.django_admin_log USING btree (content_type_id);


--
-- Name: django_admin_log_user_id_c564eba6; Type: INDEX; Schema: app; Owner: okcapplicant
--

CREATE INDEX django_admin_log_user_id_c564eba6 ON app.django_admin_log USING btree (user_id);


--
-- Name: django_session_expire_date_a5c62663; Type: INDEX; Schema: app; Owner: okcapplicant
--

CREATE INDEX django_session_expire_date_a5c62663 ON app.django_session USING btree (expire_date);


--
-- Name: django_session_session_key_c0390e0f_like; Type: INDEX; Schema: app; Owner: okcapplicant
--

CREATE INDEX django_session_session_key_c0390e0f_like ON app.django_session USING btree (session_key varchar_pattern_ops);


--
-- Name: games_away_team_id_2575cb87; Type: INDEX; Schema: app; Owner: okcapplicant
--

CREATE INDEX games_away_team_id_2575cb87 ON app.games USING btree (away_team_id);


--
-- Name: games_game_da_1318cb_idx; Type: INDEX; Schema: app; Owner: okcapplicant
--

CREATE INDEX games_game_da_1318cb_idx ON app.games USING btree (game_date);


--
-- Name: games_game_id_22ad49_idx; Type: INDEX; Schema: app; Owner: okcapplicant
--

CREATE INDEX games_game_id_22ad49_idx ON app.games USING btree (game_id);


--
-- Name: games_home_te_846fc0_idx; Type: INDEX; Schema: app; Owner: okcapplicant
--

CREATE INDEX games_home_te_846fc0_idx ON app.games USING btree (home_team_id, away_team_id);


--
-- Name: games_home_team_id_0283ecf2; Type: INDEX; Schema: app; Owner: okcapplicant
--

CREATE INDEX games_home_team_id_0283ecf2 ON app.games USING btree (home_team_id);


--
-- Name: passes_action__503d2a_idx; Type: INDEX; Schema: app; Owner: okcapplicant
--

CREATE INDEX passes_action__503d2a_idx ON app.passes USING btree (action_type);


--
-- Name: passes_action_type_6fc8cba1; Type: INDEX; Schema: app; Owner: okcapplicant
--

CREATE INDEX passes_action_type_6fc8cba1 ON app.passes USING btree (action_type);


--
-- Name: passes_action_type_6fc8cba1_like; Type: INDEX; Schema: app; Owner: okcapplicant
--

CREATE INDEX passes_action_type_6fc8cba1_like ON app.passes USING btree (action_type varchar_pattern_ops);


--
-- Name: passes_complet_d2fa08_idx; Type: INDEX; Schema: app; Owner: okcapplicant
--

CREATE INDEX passes_complet_d2fa08_idx ON app.passes USING btree (completed_pass);


--
-- Name: passes_game_id_46aa7502; Type: INDEX; Schema: app; Owner: okcapplicant
--

CREATE INDEX passes_game_id_46aa7502 ON app.passes USING btree (game_id);


--
-- Name: passes_game_id_7f19e8_idx; Type: INDEX; Schema: app; Owner: okcapplicant
--

CREATE INDEX passes_game_id_7f19e8_idx ON app.passes USING btree (game_id);


--
-- Name: passes_player__1da6e6_idx; Type: INDEX; Schema: app; Owner: okcapplicant
--

CREATE INDEX passes_player__1da6e6_idx ON app.passes USING btree (player_id, game_id);


--
-- Name: passes_player_id_720ff0f9; Type: INDEX; Schema: app; Owner: okcapplicant
--

CREATE INDEX passes_player_id_720ff0f9 ON app.passes USING btree (player_id);


--
-- Name: passes_potenti_51bace_idx; Type: INDEX; Schema: app; Owner: okcapplicant
--

CREATE INDEX passes_potenti_51bace_idx ON app.passes USING btree (potential_assist);


--
-- Name: passes_receiver_id_75e3eca2; Type: INDEX; Schema: app; Owner: okcapplicant
--

CREATE INDEX passes_receiver_id_75e3eca2 ON app.passes USING btree (receiver_id);


--
-- Name: passes_turnove_8d428a_idx; Type: INDEX; Schema: app; Owner: okcapplicant
--

CREATE INDEX passes_turnove_8d428a_idx ON app.passes USING btree (turnover);


--
-- Name: player_game_field_g_dc7367_idx; Type: INDEX; Schema: app; Owner: okcapplicant
--

CREATE INDEX player_game_field_g_dc7367_idx ON app.player_game_stats USING btree (field_goal_percentage);


--
-- Name: player_game_player__a93cea_idx; Type: INDEX; Schema: app; Owner: okcapplicant
--

CREATE INDEX player_game_player__a93cea_idx ON app.player_game_stats USING btree (player_id, game_id);


--
-- Name: player_game_stats_game_id_7f874fc2; Type: INDEX; Schema: app; Owner: okcapplicant
--

CREATE INDEX player_game_stats_game_id_7f874fc2 ON app.player_game_stats USING btree (game_id);


--
-- Name: player_game_stats_player_id_8061b046; Type: INDEX; Schema: app; Owner: okcapplicant
--

CREATE INDEX player_game_stats_player_id_8061b046 ON app.player_game_stats USING btree (player_id);


--
-- Name: player_game_total_p_d1d8a2_idx; Type: INDEX; Schema: app; Owner: okcapplicant
--

CREATE INDEX player_game_total_p_d1d8a2_idx ON app.player_game_stats USING btree (total_points);


--
-- Name: player_seas_player__9b983a_idx; Type: INDEX; Schema: app; Owner: okcapplicant
--

CREATE INDEX player_seas_player__9b983a_idx ON app.player_season_stats USING btree (player_id, season);


--
-- Name: player_seas_ppg_8c9a79_idx; Type: INDEX; Schema: app; Owner: okcapplicant
--

CREATE INDEX player_seas_ppg_8c9a79_idx ON app.player_season_stats USING btree (ppg);


--
-- Name: player_seas_total_p_32d0ac_idx; Type: INDEX; Schema: app; Owner: okcapplicant
--

CREATE INDEX player_seas_total_p_32d0ac_idx ON app.player_season_stats USING btree (total_points);


--
-- Name: player_season_stats_player_id_22a8db6a; Type: INDEX; Schema: app; Owner: okcapplicant
--

CREATE INDEX player_season_stats_player_id_22a8db6a ON app.player_season_stats USING btree (player_id);


--
-- Name: players_name_0574eb_idx; Type: INDEX; Schema: app; Owner: okcapplicant
--

CREATE INDEX players_name_0574eb_idx ON app.players USING btree (name);


--
-- Name: players_name_e69f35f4; Type: INDEX; Schema: app; Owner: okcapplicant
--

CREATE INDEX players_name_e69f35f4 ON app.players USING btree (name);


--
-- Name: players_name_e69f35f4_like; Type: INDEX; Schema: app; Owner: okcapplicant
--

CREATE INDEX players_name_e69f35f4_like ON app.players USING btree (name varchar_pattern_ops);


--
-- Name: players_player__819f19_idx; Type: INDEX; Schema: app; Owner: okcapplicant
--

CREATE INDEX players_player__819f19_idx ON app.players USING btree (player_id);


--
-- Name: players_team_id_483bc4_idx; Type: INDEX; Schema: app; Owner: okcapplicant
--

CREATE INDEX players_team_id_483bc4_idx ON app.players USING btree (team_id);


--
-- Name: players_team_id_8b821f35; Type: INDEX; Schema: app; Owner: okcapplicant
--

CREATE INDEX players_team_id_8b821f35 ON app.players USING btree (team_id);


--
-- Name: shots_action__353446_idx; Type: INDEX; Schema: app; Owner: okcapplicant
--

CREATE INDEX shots_action__353446_idx ON app.shots USING btree (action_type);


--
-- Name: shots_action_type_d3c9946d; Type: INDEX; Schema: app; Owner: okcapplicant
--

CREATE INDEX shots_action_type_d3c9946d ON app.shots USING btree (action_type);


--
-- Name: shots_action_type_d3c9946d_like; Type: INDEX; Schema: app; Owner: okcapplicant
--

CREATE INDEX shots_action_type_d3c9946d_like ON app.shots USING btree (action_type varchar_pattern_ops);


--
-- Name: shots_game_id_02dc3e_idx; Type: INDEX; Schema: app; Owner: okcapplicant
--

CREATE INDEX shots_game_id_02dc3e_idx ON app.shots USING btree (game_id);


--
-- Name: shots_game_id_52da7a18; Type: INDEX; Schema: app; Owner: okcapplicant
--

CREATE INDEX shots_game_id_52da7a18 ON app.shots USING btree (game_id);


--
-- Name: shots_player__20e087_idx; Type: INDEX; Schema: app; Owner: okcapplicant
--

CREATE INDEX shots_player__20e087_idx ON app.shots USING btree (player_id, game_id);


--
-- Name: shots_player_id_4dfe43e4; Type: INDEX; Schema: app; Owner: okcapplicant
--

CREATE INDEX shots_player_id_4dfe43e4 ON app.shots USING btree (player_id);


--
-- Name: shots_points_2ee89c_idx; Type: INDEX; Schema: app; Owner: okcapplicant
--

CREATE INDEX shots_points_2ee89c_idx ON app.shots USING btree (points);


--
-- Name: shots_shot_ma_e39930_idx; Type: INDEX; Schema: app; Owner: okcapplicant
--

CREATE INDEX shots_shot_ma_e39930_idx ON app.shots USING btree (shot_made);


--
-- Name: teams_name_12b53a_idx; Type: INDEX; Schema: app; Owner: okcapplicant
--

CREATE INDEX teams_name_12b53a_idx ON app.teams USING btree (name);


--
-- Name: teams_name_bd7d028e_like; Type: INDEX; Schema: app; Owner: okcapplicant
--

CREATE INDEX teams_name_bd7d028e_like ON app.teams USING btree (name varchar_pattern_ops);


--
-- Name: teams_team_id_212a0c_idx; Type: INDEX; Schema: app; Owner: okcapplicant
--

CREATE INDEX teams_team_id_212a0c_idx ON app.teams USING btree (team_id);


--
-- Name: turnovers_action__24dcf2_idx; Type: INDEX; Schema: app; Owner: okcapplicant
--

CREATE INDEX turnovers_action__24dcf2_idx ON app.turnovers USING btree (action_type);


--
-- Name: turnovers_action_type_8f2f0138; Type: INDEX; Schema: app; Owner: okcapplicant
--

CREATE INDEX turnovers_action_type_8f2f0138 ON app.turnovers USING btree (action_type);


--
-- Name: turnovers_action_type_8f2f0138_like; Type: INDEX; Schema: app; Owner: okcapplicant
--

CREATE INDEX turnovers_action_type_8f2f0138_like ON app.turnovers USING btree (action_type varchar_pattern_ops);


--
-- Name: turnovers_forced_by_id_d01fa6e3; Type: INDEX; Schema: app; Owner: okcapplicant
--

CREATE INDEX turnovers_forced_by_id_d01fa6e3 ON app.turnovers USING btree (forced_by_id);


--
-- Name: turnovers_game_id_5fc84cd7; Type: INDEX; Schema: app; Owner: okcapplicant
--

CREATE INDEX turnovers_game_id_5fc84cd7 ON app.turnovers USING btree (game_id);


--
-- Name: turnovers_game_id_745538_idx; Type: INDEX; Schema: app; Owner: okcapplicant
--

CREATE INDEX turnovers_game_id_745538_idx ON app.turnovers USING btree (game_id);


--
-- Name: turnovers_player__4b8d26_idx; Type: INDEX; Schema: app; Owner: okcapplicant
--

CREATE INDEX turnovers_player__4b8d26_idx ON app.turnovers USING btree (player_id, game_id);


--
-- Name: turnovers_player_id_2bcefd1e; Type: INDEX; Schema: app; Owner: okcapplicant
--

CREATE INDEX turnovers_player_id_2bcefd1e ON app.turnovers USING btree (player_id);


--
-- Name: turnovers_turnove_fb127f_idx; Type: INDEX; Schema: app; Owner: okcapplicant
--

CREATE INDEX turnovers_turnove_fb127f_idx ON app.turnovers USING btree (turnover_type);


--
-- Name: auth_group_permissions auth_group_permissio_permission_id_84c5c92e_fk_auth_perm; Type: FK CONSTRAINT; Schema: app; Owner: okcapplicant
--

ALTER TABLE ONLY app.auth_group_permissions
    ADD CONSTRAINT auth_group_permissio_permission_id_84c5c92e_fk_auth_perm FOREIGN KEY (permission_id) REFERENCES app.auth_permission(id) DEFERRABLE INITIALLY DEFERRED;


--
-- Name: auth_group_permissions auth_group_permissions_group_id_b120cbf9_fk_auth_group_id; Type: FK CONSTRAINT; Schema: app; Owner: okcapplicant
--

ALTER TABLE ONLY app.auth_group_permissions
    ADD CONSTRAINT auth_group_permissions_group_id_b120cbf9_fk_auth_group_id FOREIGN KEY (group_id) REFERENCES app.auth_group(id) DEFERRABLE INITIALLY DEFERRED;


--
-- Name: auth_permission auth_permission_content_type_id_2f476e4b_fk_django_co; Type: FK CONSTRAINT; Schema: app; Owner: okcapplicant
--

ALTER TABLE ONLY app.auth_permission
    ADD CONSTRAINT auth_permission_content_type_id_2f476e4b_fk_django_co FOREIGN KEY (content_type_id) REFERENCES app.django_content_type(id) DEFERRABLE INITIALLY DEFERRED;


--
-- Name: auth_user_groups auth_user_groups_group_id_97559544_fk_auth_group_id; Type: FK CONSTRAINT; Schema: app; Owner: okcapplicant
--

ALTER TABLE ONLY app.auth_user_groups
    ADD CONSTRAINT auth_user_groups_group_id_97559544_fk_auth_group_id FOREIGN KEY (group_id) REFERENCES app.auth_group(id) DEFERRABLE INITIALLY DEFERRED;


--
-- Name: auth_user_groups auth_user_groups_user_id_6a12ed8b_fk_auth_user_id; Type: FK CONSTRAINT; Schema: app; Owner: okcapplicant
--

ALTER TABLE ONLY app.auth_user_groups
    ADD CONSTRAINT auth_user_groups_user_id_6a12ed8b_fk_auth_user_id FOREIGN KEY (user_id) REFERENCES app.auth_user(id) DEFERRABLE INITIALLY DEFERRED;


--
-- Name: auth_user_user_permissions auth_user_user_permi_permission_id_1fbb5f2c_fk_auth_perm; Type: FK CONSTRAINT; Schema: app; Owner: okcapplicant
--

ALTER TABLE ONLY app.auth_user_user_permissions
    ADD CONSTRAINT auth_user_user_permi_permission_id_1fbb5f2c_fk_auth_perm FOREIGN KEY (permission_id) REFERENCES app.auth_permission(id) DEFERRABLE INITIALLY DEFERRED;


--
-- Name: auth_user_user_permissions auth_user_user_permissions_user_id_a95ead1b_fk_auth_user_id; Type: FK CONSTRAINT; Schema: app; Owner: okcapplicant
--

ALTER TABLE ONLY app.auth_user_user_permissions
    ADD CONSTRAINT auth_user_user_permissions_user_id_a95ead1b_fk_auth_user_id FOREIGN KEY (user_id) REFERENCES app.auth_user(id) DEFERRABLE INITIALLY DEFERRED;


--
-- Name: django_admin_log django_admin_log_content_type_id_c4bce8eb_fk_django_co; Type: FK CONSTRAINT; Schema: app; Owner: okcapplicant
--

ALTER TABLE ONLY app.django_admin_log
    ADD CONSTRAINT django_admin_log_content_type_id_c4bce8eb_fk_django_co FOREIGN KEY (content_type_id) REFERENCES app.django_content_type(id) DEFERRABLE INITIALLY DEFERRED;


--
-- Name: django_admin_log django_admin_log_user_id_c564eba6_fk_auth_user_id; Type: FK CONSTRAINT; Schema: app; Owner: okcapplicant
--

ALTER TABLE ONLY app.django_admin_log
    ADD CONSTRAINT django_admin_log_user_id_c564eba6_fk_auth_user_id FOREIGN KEY (user_id) REFERENCES app.auth_user(id) DEFERRABLE INITIALLY DEFERRED;


--
-- Name: games games_away_team_id_2575cb87_fk_teams_team_id; Type: FK CONSTRAINT; Schema: app; Owner: okcapplicant
--

ALTER TABLE ONLY app.games
    ADD CONSTRAINT games_away_team_id_2575cb87_fk_teams_team_id FOREIGN KEY (away_team_id) REFERENCES app.teams(team_id) DEFERRABLE INITIALLY DEFERRED;


--
-- Name: games games_home_team_id_0283ecf2_fk_teams_team_id; Type: FK CONSTRAINT; Schema: app; Owner: okcapplicant
--

ALTER TABLE ONLY app.games
    ADD CONSTRAINT games_home_team_id_0283ecf2_fk_teams_team_id FOREIGN KEY (home_team_id) REFERENCES app.teams(team_id) DEFERRABLE INITIALLY DEFERRED;


--
-- Name: passes passes_game_id_46aa7502_fk_games_game_id; Type: FK CONSTRAINT; Schema: app; Owner: okcapplicant
--

ALTER TABLE ONLY app.passes
    ADD CONSTRAINT passes_game_id_46aa7502_fk_games_game_id FOREIGN KEY (game_id) REFERENCES app.games(game_id) DEFERRABLE INITIALLY DEFERRED;


--
-- Name: passes passes_player_id_720ff0f9_fk_players_player_id; Type: FK CONSTRAINT; Schema: app; Owner: okcapplicant
--

ALTER TABLE ONLY app.passes
    ADD CONSTRAINT passes_player_id_720ff0f9_fk_players_player_id FOREIGN KEY (player_id) REFERENCES app.players(player_id) DEFERRABLE INITIALLY DEFERRED;


--
-- Name: passes passes_receiver_id_75e3eca2_fk_players_player_id; Type: FK CONSTRAINT; Schema: app; Owner: okcapplicant
--

ALTER TABLE ONLY app.passes
    ADD CONSTRAINT passes_receiver_id_75e3eca2_fk_players_player_id FOREIGN KEY (receiver_id) REFERENCES app.players(player_id) DEFERRABLE INITIALLY DEFERRED;


--
-- Name: player_game_stats player_game_stats_game_id_7f874fc2_fk_games_game_id; Type: FK CONSTRAINT; Schema: app; Owner: okcapplicant
--

ALTER TABLE ONLY app.player_game_stats
    ADD CONSTRAINT player_game_stats_game_id_7f874fc2_fk_games_game_id FOREIGN KEY (game_id) REFERENCES app.games(game_id) DEFERRABLE INITIALLY DEFERRED;


--
-- Name: player_game_stats player_game_stats_player_id_8061b046_fk_players_player_id; Type: FK CONSTRAINT; Schema: app; Owner: okcapplicant
--

ALTER TABLE ONLY app.player_game_stats
    ADD CONSTRAINT player_game_stats_player_id_8061b046_fk_players_player_id FOREIGN KEY (player_id) REFERENCES app.players(player_id) DEFERRABLE INITIALLY DEFERRED;


--
-- Name: player_season_stats player_season_stats_player_id_22a8db6a_fk_players_player_id; Type: FK CONSTRAINT; Schema: app; Owner: okcapplicant
--

ALTER TABLE ONLY app.player_season_stats
    ADD CONSTRAINT player_season_stats_player_id_22a8db6a_fk_players_player_id FOREIGN KEY (player_id) REFERENCES app.players(player_id) DEFERRABLE INITIALLY DEFERRED;


--
-- Name: players players_team_id_8b821f35_fk_teams_team_id; Type: FK CONSTRAINT; Schema: app; Owner: okcapplicant
--

ALTER TABLE ONLY app.players
    ADD CONSTRAINT players_team_id_8b821f35_fk_teams_team_id FOREIGN KEY (team_id) REFERENCES app.teams(team_id) DEFERRABLE INITIALLY DEFERRED;


--
-- Name: shots shots_game_id_52da7a18_fk_games_game_id; Type: FK CONSTRAINT; Schema: app; Owner: okcapplicant
--

ALTER TABLE ONLY app.shots
    ADD CONSTRAINT shots_game_id_52da7a18_fk_games_game_id FOREIGN KEY (game_id) REFERENCES app.games(game_id) DEFERRABLE INITIALLY DEFERRED;


--
-- Name: shots shots_player_id_4dfe43e4_fk_players_player_id; Type: FK CONSTRAINT; Schema: app; Owner: okcapplicant
--

ALTER TABLE ONLY app.shots
    ADD CONSTRAINT shots_player_id_4dfe43e4_fk_players_player_id FOREIGN KEY (player_id) REFERENCES app.players(player_id) DEFERRABLE INITIALLY DEFERRED;


--
-- Name: turnovers turnovers_forced_by_id_d01fa6e3_fk_players_player_id; Type: FK CONSTRAINT; Schema: app; Owner: okcapplicant
--

ALTER TABLE ONLY app.turnovers
    ADD CONSTRAINT turnovers_forced_by_id_d01fa6e3_fk_players_player_id FOREIGN KEY (forced_by_id) REFERENCES app.players(player_id) DEFERRABLE INITIALLY DEFERRED;


--
-- Name: turnovers turnovers_game_id_5fc84cd7_fk_games_game_id; Type: FK CONSTRAINT; Schema: app; Owner: okcapplicant
--

ALTER TABLE ONLY app.turnovers
    ADD CONSTRAINT turnovers_game_id_5fc84cd7_fk_games_game_id FOREIGN KEY (game_id) REFERENCES app.games(game_id) DEFERRABLE INITIALLY DEFERRED;


--
-- Name: turnovers turnovers_player_id_2bcefd1e_fk_players_player_id; Type: FK CONSTRAINT; Schema: app; Owner: okcapplicant
--

ALTER TABLE ONLY app.turnovers
    ADD CONSTRAINT turnovers_player_id_2bcefd1e_fk_players_player_id FOREIGN KEY (player_id) REFERENCES app.players(player_id) DEFERRABLE INITIALLY DEFERRED;


--
-- Name: SCHEMA app; Type: ACL; Schema: -; Owner: alokpatel
--

GRANT ALL ON SCHEMA app TO okcapplicant;


--
-- PostgreSQL database dump complete
--

\unrestrict VUcKtV9p5gWBMVhddarxyYX9QSuq5zXlN7SlKSXdUCq2lPN7WIKgJ6vIl5hcBJP

